name,role,department,cv_text,cv_url
Pia Ahrenkilde Hansen,Director-General,"Directorate-General for Education, Youth, Sport and Culture"," 
Pia AHRENKILDE-HANSEN 
 
Nationality 
 
Danish 
Academic qualifications  1987 - 1990:  Master of Science in International Business Administration and Modern 
Languages, COPENHAGEN BUSINESS SCHOOL. Political science, business, 
communication, languages. Specialised in European affairs and communication. Thesis 
on European Identity - the impact of cultural factors on European political co-operation. 
 1984 - 1987: Bachelor of Science in Business Administration and Modern Languages, 
COPENHAGEN BUSINESS SCHOOL 
 1982 - 1983: Certificat d’Etudes Politiques, INSTITUT D’ETUDES POLITIQUES DE 
PARIS 
Professional experience 
in the European 
Institutions 
 Since 16/09/2023: Director General – DG Education, Youth, Sport and Culture (EAC) 
 03/2019 – 09/2023: Director-General – DG Communication (COMM) 
 05/2018 – 03/2019: Deputy Secretary-General – Secretariat General (SG) 
 03/ 2018 - 05 /2018: Principal Adviser – Secretariat General 
 11/2014 – 02/2018: Director for Representations in Member States. DG 
Communication (COMM) 
 11/2009 - 10/2014:  Chief Spokeswoman of the European Commission.  
Spokespersons' Service - DG Communication 
 11/2004 – 10/2009: Deputy Chief Spokeswoman and Head of the SPP Planning 
Group. From May 2006 Head of Unit of the SPP Coordination and Planning Unit.   
Spokespersons' Service - DG Communication 
 07/2004 – 11/2004:  Spokeswoman - Transition team of President-designate José 
Manuel Barroso. 
 01/2004 – 07/2004: Spokesperson assisting the Chief Spokesperson of the 
Commission. - Press and Communication Service. 
 09/1999 – 12/2003:  Spokeswoman for Environment and European Commissioner 
Margot Wallström - Press and Communication Service. 
 07/1999 – 09/1999:  Transition team member/spokesperson - Transition team of 
President-designate Romano Prodi. 
 1997 – 1999: Representations in Member States - Co-ordination of Representations in 
the Member States – former DG X-B-1 
 1995 – 1997: Competitiveness - Industrial aspects of competition. Responsible for 
international aspects, regulation, deregulation, trade and competition, enlargement, 
industry relations, training – former DG III-A-6 
Professional experience 
before joining the 
European Institutions 
 1992 – 1995: MARKET ACCESS EUROPE - EU Public Affairs consultancy - Senior 
Consultant, Associate Director, member of the Board. Public affairs strategy, political 
communication. Media, international development and personnel 
 1992: CABINET STEWART - EU Public Affairs consultancy, Brussels. Consultant. EU 
public affairs strategies and programmes 
 1991- 1992: COLLEGE OF EUROPE (Bruges). Researcher/member of INFO’ 92 team 
(managed by DG III and the Legal Service of the Commission). 
Others  1990: Co-author of “KULTUR/RETUR” - on the use of intercultural communication skills 
in international business and organisations; published by Samfundslitteratur, 
Copenhagen. 
 1989 – 1990: EUROPEAN PARLIAMENT: Schuman scholar, Directorate General for 
Resea",https://commission.europa.eu/document/download/8942e78d-8b25-43e0-a3f7-a8fbc0568daa_en?filename=cv-pia-ahrenkilde-hansen_en_0.pdf
Maja Bakran Marcich,Deputy Director-General,Directorate-General for Mobility and Transport," 
 
Maja BAKRAN MARCICH 
 
Nationality: 
 
Croatian 
Academic qualifications:  1997:  Annual Diplomatic Course at the Diplomatic Academy of the Ministry of 
Foreign Affairs - Ministry of Foreign Affairs, Zagreb 
 
 1996: M.Sc. Degree in Human Genetics, Faculty of Medicine, University of 
Zagreb 
 
 1992: Graduated from Faculty of Natural Sciences, University of Zagreb 
Degree in Biological Engineering - Ecology 
 
Professional experience in 
the European Institutions: 
 As from 01/12/2016: Deputy Director-General – Directorate-General Mobility and 
Transport (MOVE) 
 
 04-07/2023: Acting Director-General – Directorate-General Mobility and 
Transport (MOVE) 
 
Professional experience 
before joining the 
European Institutions: 
 06/2016 – 11/2016: Advisor to the Minister of Foreign and European Affairs, 
Ministry of Foreign and European Affairs, Zagreb 
 
 09/2015 - 05/2016: Director-General for European Affairs, Ministry of Foreign 
and European Affairs, Zagreb 
 
 04/2012 - 08/2015: Director for European Affairs, Ministry of Foreign and 
European Affairs, Zagreb 
 
 09/2011 – 03/2012: Advisor to the Deputy Prime Minister and Minister of Foreign 
Affairs and European Integration, Zagreb 
 
 08/2005 – 08/2011: Head of Unit for Sectoral Issues, Mission of Croatia to the 
EU, Bruxelles 
 
 10/1999 – 07/2005: First Secretary, Mission of Croatia to the EU, Bruxelles 
 
 03/1998 – 09/1999: Advisor to the Deputy Prime Minister and Minister of 
European Integration, Zagreb 
 
 07/1996 – 02/1998: OSCE Desk-Officer, Ministry of Foreign Affairs, Zagreb 
 
 10/1994 – 06/1999: Research Assistant, Institute for Anthropological Research, 
University of Zagreb 
 
 09/1993 – 09/1994: Advisor, Delegation of the European Commission, European 
Community Monitoring Mission, Zagreb 
 
 12/1992 – 08/1993: Junior Research Assistant, Institute for Anthropological 
Research, University of Zagreb 
 
 10/1991 – 11/1992: Interpreter and Liaison Officer, Croatian Liaison Office to the 
European Community Monitoring Mission (ECMM), Zagreb 
 
Honours:  1996: Order of merit (Croatian Interlace) awarded by the President of the 
Republic for extraordinary contribution to progress and promotion of Croatia and 
the wellbeing of its citizens 
 
 2016: Chevalier dans l`Ordre national du Mérite awarded by the President of the 
French Republic for exemplary contribution to the European integration of 
Croatia, achievement of European goals and contribution to bilateral relations 
 
Language Skills:  Croatian (mother tongue) 
 
 English (proficient user)  
 German, French, Italian (basic user) 
 
 ",https://commission.europa.eu/document/download/0aa3507d-b8ef-412e-9903-80a15e076ee9_en?filename=cv-maja-bakran_marcich_en_0.pdf
Matthew Baldwin,Deputy Director-General,Directorate-General for Energy," 
 
Matthew BALDWIN 
Nationality: 
 
British 
 
Academic 
qualifications: 
 9/1986 - 6/1988: Masters Degree in Public Administration 
Kennedy School of Government, Harvard University - Cambridge, 
Massachussetts, United States 
 
 10/1982 - 6/1985: BA Hons in Philosophy, Politics and Economics 
Corpus Christi College, Oxford University - Oxford, United Kingdom 
Professional experience 
in the European 
Institutions: 
 As from 1 June 2022: Deputy Director-General. Energy Directorate-General (ENER) 
 07/2016 – 05/2022: Deputy Director-General responsible for directorates C, D and E.  
Mobility and Transport Directorate-General (MOVE) 
 11/2014 – 07/2016:  Head of Cabinet to Commissioner Hill. 
 09/2014 – 11/2014/: Deputy Director-General responsible for directorates E, F, G and H, 
Trade Directorate-General (TRADE) 
 3/2011 – 9/2014: Director, Aviation and International Transport Affairs. 
Responsible for a close knit team of four units dealing with the coordination of international 
transport policy; the EU's international aviation negotiations; the development of the 
aviation single market; developing the Single European Sky for Europe's air traffic control 
system; air safety issues; EU relations with the International Civil Aviation Organisation 
(ICAO); aviation and the environment; airports and infrastructure, Mobility and Transport 
Directorate-General (MOVE) 
 1/2010 – 3/2011: Director, Market Access and Industry 
Led a team of three units, tackling a diverse range of issues: market access questions; DG 
Trade's relations with a number of different industry sectors, and Business Europe 
(including detailed issues related to raw materials policy, aerospace and cars); and issues 
relating to tariffs, standards / technical barriers to trade, including input to a number of 
different bilateral / multilateral negotiations (TRADE) 
 9/2007 – 1/2010: Advisor in the Cabinet of President Barroso 
Senior member of the Barroso cabinet, responsible for energy and climate issues; trade 
policy; and development. In particular I was responsible for the Third Energy package; for 
all issues relating to the 2009 gas crisis with Russia and Ukraine; and for the UNFCC 
climate change conference in Copenhagen, as well as a number of ""hot topics"" in trade, 
such as the Doha Round, anti-dumping cases, relations with US, China, Russia, Mercosur, 
etc. 
 4/2007 – 9/2007: Head of Unit for Multilateral Trade Policy (TRADE) 
Responsibility for the Doha Round negotiations, WTO accession negotiations, export 
credits, and dual use goods. My time in this post was cut short by the invitation to join the 
Barroso cabinet in the summer of 2007 
 10/2004 – 4/2007: Head of Unit, Market Access (TRADE)  
Responsible for the EU's Market Access Strategy and the EU Export Helpdesk for 
Developing Countries; also for EU trade relations with US, Canada, Australia, New 
Zealand, EFTA and the Faroe Islands. I also had an 8 month spell as Acting Director, then 
Director a.i",https://commission.europa.eu/document/download/3646b975-b40c-4e1f-913e-59611c18df0b_en?filename=cv-matthew-baldwin_en.pdf
Pierre Bascou,Deputy Director-General,Directorate-General for Agriculture and Rural Development,,
Nils Behrndt,Deputy Secretary-General,Secretariat-General," 
  
 
 
 
 
 
 
 
 
Nils BEHRNDT 
Nationality 
 
German 
 
Academic qualifications ➢ 2003: Ph.D on New Public Management, Faculty of Law, University of Kiel, 
Germany 
 
➢ 1999: Second State Exam in Law, Germany 
 
➢ 1994: First State Exam in Law, Germany 
 
➢ 1992: L.L.M in International Law, public international law, EU law and 
human rights law, University of Kingston-upon-Hull, United Kingdom  
 
Professional experience in 
the European Institutions 
➢ Since 16/07/2025: Deputy Secretary-General “Policy Coordination” – 
Secretariat-General (SG) 
 
➢ 10/2022 – 07/2025: Deputy Director-General – Directorate-General Justice 
and Consumers (DG JUST) 
 
➢ 12/2019 – 10/2022: Director for Consumers (DG JUST) [03/2021 – 10/2022 
Acting Deputy Director-General] 
 
➢ 11/2014 – 11/2019: Head of Cabinet of Commissioner Neven Mimica 
(portfolio: International Cooperation and Development) 
 
➢ 07/2013 – 10/2014: Head of Cabinet of Commissioner Neven Mimica 
(portfolio: Consumer Policy) 
 
➢ 02/2010 – 06/2013: Deputy Head of Cabinet of Commissioners John Dalli / 
Tonio Borg (portfolio: Health and Consumer Policy) 
 
➢ 07/2009 – 02/2010: Head of Unit for Defence, Aerospace and Maritime 
Industries (DG ENTR) 
 
➢ 05/2006 – 06/2009: Member of Cabinet of Vice-President Günter Verheugen 
(portfolio: Enterprise and Industry) 
 
➢ 02/2005 – 05/2006: Deputy Head of Unit for Pharmaceuticals (DG ENTR) 
[02/2005 – 09/2005 Acting Head of Unit] 
 
➢ 09/2003 – 01/2005: Assistant to the Director for Consumer Goods (DG 
ENTR) 
 
➢ 10/2000 – 09/2003: Administrator for Pharmaceuticals (DG ENTR) 
 
Professional experience 
before joining the 
European Institutions 
➢ 08/1999 – 09/2000: Lawyer, Law firm Johansson-Lehmann-Geiersberger, 
Kiel, Germany 
 
➢ 11/1994 – 04/2000: Research Assistant, Lorenz-von-Stein-Institue for 
administrative sciences, Kiel, Germany 
 
Language Skills German (mother tongue) 
➢ English 
➢ French 
 
",https://commission.europa.eu/document/download/e984fbfa-49e6-4829-9c09-d8811b571298_en?filename=cv-nils-behrndt_en.pdf
John Berrigan,Director-General,"Directorate-General for Financial Stability, Financial Services and Capital Markets Union"," 
 
John C. BERRIGAN 
 
Nationality: 
 
 
Irish 
 
Academic 
qualifications: 
 1985 - M.A. (Economics) awarded October - University College Dublin, Republic of Ireland 
 1983 - B.A. (Economics) awarded October - University College Dublin, Republic of Ireland 
Professional 
experience in the 
European 
Institutions: 
 Since 04/03/2020: Director-General – DG Financial Stability, Financial Services and Capital 
Markets Union (FISMA) 
 
 16/12/2015 - 03/03/2020:  Deputy Director-General in charge of Directorates B, C, D and E  in 
DG FISMA 
 
 11/2014 – 12/2015: Director for Financial System Surveillance and Crisis Management in DG 
FISMA: Part of the Directorate was transferred from DG ECFIN and remains responsible for 
analysis of financial -sector developments at global, EU and Member -State level (includ ing 
participation in the external financial assistance programmes for Greece, Ireland, Portugal, Spain 
and Cyprus). Other areas of responsibility include (a) managing the EU framework for macro -
prudential policy, including participation in the European Sys temic Risk Board; (b) 
establishing/management of EU framework for crisis management in the financial sector, notably 
through arrangements for recovery and resolution; and (c) participation in the Single Resolution 
Board in support of the Commission’s role as joint resolution authority within the Banking Union. 
 
 05/2010 – 10/2014: Director for Financial Stability and Monetary Affairs in DG ECFIN: 
Directorate was created in response to the economic and financial crisis of 2008/2009 and was 
responsible for ana lysis of financial -sector developments at global, EU and Member -State level 
(including participation in the external financial assistance programmes for EL, IE, PT, ES and 
CY). Other areas of responsibility were (a) analysis of developments in the EU banki ng sector, 
specifically in co -operation with DG COMP in applying state -aid policies; (b) development of EU -
level sovereign instruments (i.e. the EFSF, the EFSM and the ESM; and (c) monitoring 
developments in monetary policy in the euro area and the Member States, supporting the 
Commissioner in the ECB Governing Council. 
 
 05/2000 – 04/2010: Head of Unit for Financial Markets and Financial Intermediaries in DG 
ECFIN.  Unit was responsible for monitoring developments in EU financial markets, notably for 
fixed-income securities, equities and derivatives. Other areas of responsibility included monitoring 
progress in the integration of euro -denominated financial markets, progress in completing the 
Internal Market for financial services, developments in the EU vent ure capital markets, and issues 
related to prudential supervision. The Unit also provided technical/secretarial support to the 
Giovannini Group, producing two reports on EU clearing and settlement arrangements and the 
EFC Sub-Group on EU Government Bonds and Bills Markets. 
 
 01/1996 – 04/2000: Principal administrator/administrator in DG ECFIN",https://commission.europa.eu/document/download/053504f1-07d0-4a30-9dfd-0cf8122c20b2_en?filename=cv-berrigan-john-en.pdf
Lorena Boix Alonso,Deputy Director-General,Directorate-General for Defence Industry and Space," 
   
 
 
 
 
 
 
Lorena BOIX ALONSO 
Nationality 
 
Spanish 
 
Academic qualifications ➢ 1996 Master of Laws (LL.M), Harvard Law School – United States 
➢ 1993 License spéciale en droit européen, Institut d’études européennes, 
Université Libre de Bruxelles – Brussels, Belgium 
➢ 1992 Licenciatura en Derecho, Facultad de Derecho, University of Valencia – 
Valencia, Spain 
Professional experience 
in the European 
Commission 
➢ Since 1 January 2026: Deputy Director-General in the Directorate-General for 
Defence Industry and Space (DEFIS) – Brussels, Belgium 
➢ 07/2024 – 12/2025: Deputy Director General for Health responsible for 
Directorates B, C and D, DG Health and Food Safety (SANTE) – Brussels, Belgium 
➢ 12/2020 – 06/2024: Director for Digital Society, Trust and Cybersecurity, DG 
Communications Networks, Content and Technology (CNECT) – Responsible for e-
Health policies, e-privacy, e- identity and cybersecurity. Luxembourg 
➢ 01 - 07/2022: Acting Head of Unit for Cybersecurity and Digital Privacy Policy, 
DG Communications Networks, Content and Technology (CNECT) – Brussels, 
Belgium 
➢ 03/2017 – 11/2020: Head of Unit for Policy Implementation and Planning, DG 
Communications Networks, Content and Technology (CNECT) – Brussels, Belgium 
➢ 07/2018 – 11/2020: Acting Director for Policy Strategy and Outreach, DG 
Communications Networks, Content and Technology (CNECT) – Digital 
strategies and EU financial instruments, interinstitutional and international 
relations - Brussels, Belgium 
➢ 07/2012 – 02/2017: Head of Unit for Converging Media and Content, DG 
Communications Networks, Content and Technology (CNECT) – In charge of 
audiovisual and IPR - Brussels, Belgium 
➢ 02/2010 – 07/2012: Deputy Head of Cabinet, Cabinet of Commissioner Kroes 
(portfolio: Digital Agenda) – Brussels Belgium 
➢ 04/2008 – 02/2010: Deputy Head of Cabinet, Cabinet of Commissioner Kroes 
(portfolio: Competition) – Brussels, Belgium 
➢ 11/2004 – 04/2008: Member of Cabinet, Cabinet of Commissioner Kroes (portfolio: 
Competition) – Following antitrust and merger control in pharmaceutical, telecoms, 
IPR and financial sectors - Brussels, Belgium 
➢ 05/2003 – 11/2004: Desk Officer, Coordination Unit, DG Competition (COMP) – 
Antitrust coordination mainly on IPR, telecoms, pharmaceuticals and media -
Brussels, Belgium 
Professional experience 
before joining the 
European Institutions 
➢ 02/2002 – 04/2003: Deputy Director and Legal Coordinator, IPR Helpdesk 
Project Support to SMEs and researchers on IPR in research EU-funded projects – 
Alicante, Spain 
➢ 03/1998 – 12/2000: Réféndaire, Judge R. García-Valdecasa’s Cabinet, Court of 
First Instance of the European Communities 
➢ 09/1996 – 02/1998: Attorney, Van Bael & Bellis. Antitrust and merger control, 
pharma licensing agreements - Brussels, Belgium 
➢ 01 – 07/1995: Intern, Boden de Bandt de Braw Jeantet Lagerlof and Uría 
➢ 09/1993 – 12/1994: Legal Consultant, IRELCO (International Relations Consulting 
Company 
Lan",https://commission.europa.eu/document/download/769abdcd-911b-400f-a5b5-e28edc22799b_en?filename=CV%20BOIX%20ALONSO%20Lorena%20-%20EN.pdf
Claire Bury,Deputy Director-General,Directorate-General for Health and Food Safety," 
 
Claire Louise BURY 
Nationality 
 
British 
 
Academic qualifications  1983 – 1986: Bachelor of Laws L.L.B. (Hons) – University of London, King's College 
 1987 – 1988: Bar Finals – Council of Legal Education 
 1988: Call to the Bar 
 1988 – 1989: Pupillage (professional training) including Training Period in Legal Service of 
EC Commission, Training period in Chambers of Advo cate General Jacobs, European 
Court of Justice 
Professional experience 
in the European 
Institutions 
 Since 1 July 2020: Deputy Director-General responsible for Food sustainability responsible 
for directorates in charge of  Food sustainability - international relations,  Food and feed 
safety - innovation, Health and food audits and analysis  & Crisis preparedness in food , 
animals and plants in Directorate-General “Health and Food Safety” (SANTE) 
 
 01/2016 – 06/2020: Deputy Director -General responsible for d irectorates in charge of 
Electronic Communications Networks and Services, Cooperation, Digital Economy & 
Coordination and Media and Data in Directorate -General ""Communications Networks, 
Content and Technology"" (CNECT) .   
 
 12/2011 – 12/2015: Director, Directorate E, Modernisation of the Single Market (Services), 
DG GROW, previously DG Internal Market and Services. Respons ible for Services -
digitalisation of the single market, business services, retail, construction, postal services, e -
commerce and professional qualification. 
 
 06/2011 – 03/2012: Acting Director, Directorate F, Capital and Companies, DG Internal 
Market and Services. Directorate with responsibilities on movement of capital, company law 
and corporate governance, accounting and auditing. 
 
 09/2007 – 06/2011: Head of Unit DG Internal Market and Services: Unit F2, 
Corporate Governance, Social Responsibility. Unit responsible for company law files (15 
directives, 3 Regulations), corporate governance, and money laundering and financial 
crime. 
 
 11/2004 – 09/2007: Deputy Head of Cabinet of Charlie McCreevy, member of the EC 
Commission. Responsible for: company law, corporate governance and financial crime, 
accounting, auditing, industrial property. Advising on administrative affairs, budget, audit, 
anti-fraud, justice and home affairs and trade. 
 
 12/2000 – 11/2004: Member of and, from May 2004, Deputy Head of Cabinet  of 
Commissioner Frits Bolkestein, Member of the EC Commission: responsible for: intellectual 
and industrial property, services strategy, financial services, in particular financial markets. 
Advising on: justice and home affairs, institutional questions (C onvention and IGC), budget, 
enlargement. 
 
 09/1999 – 12/2000: Member of Legal Service of the EC Commission, external relations 
team : attached to UN Deputy High Representative in Pristina, responsible for advising EU 
component of the United Nations mission in Kosovo 
(UNMIK), and for other questions of EC, public international and international trade law. 
 
 01/1998 – 09/1999: Member",https://commission.europa.eu/document/download/1c69e977-20d6-4122-afa6-bbc5605bfc5c_en?filename=cv-claire-bury_en.pdf
Patrick Anthony Child,Deputy Director-General,Directorate-General for Environment," 
 
 
 
 
 
 
 
 
 
 
 
Patrick Anthony CHILD 
 
Nationality: 
 
 
British, Belgian 
 
Academic 
qualifications: ➢ 1984 - 1987: BA Degree – Mathematics 
Trinity Hall, Cambridge University, UK  
Professional 
experience in the 
European Institutions: 
 
➢ Since 1st October 2021: Deputy Director-General, Directorate-General for Environment (DG 
ENV). 
➢ 04-06/2025: Acting Director-General, Directorate-General for Environment (DG ENV). 
➢ 04/2016 – 09/2021: Deputy Director -General – Directorate-General for Research and 
Innovation (DG RTD). 
➢ 01/2011 – 04/2016: Managing Director for Administration and Finance and Chief 
Operating Officer ad -interim since November 2014 – European External Action Service 
(EEAS).  
➢ 01/2010 – 12/2011 – Director of the External Service – Directorate-General for External 
Relations (DG RELEX).   
➢ 11/2004 – 01/2010: Head of Cabinet for Ms Benita Ferrero -Waldner, Commissioner for 
External Relations and European Neighbourhood policy.   
➢ 08/2003 – 11/2004: Head of Cabinet for Chris Patten, Commissioner for External Relations. 
➢ 09/1999 – 07/2003: Member of Cabinet  for Chris Patten, Commissioner for External 
Relations. 
➢ 01/1995 – 09/1999: Press Spokesman on Economic and Monetary matters  
➢ 04/1994 – 01/1995: Administrator – Monetary Affairs Directorate.  
Professional 
experience before 
joining the European 
Institutions: 
 
➢ 09/1988 – 02/1994: Administrator – HM Treasury, UK.  
➢ 09/1987 – 09/1988: Operational Research – Inland Revenue, UK.   
 
Language Skills: ➢ English (mother tongue) 
➢ French 
➢ German 
 
",https://commission.europa.eu/document/download/b4629ae7-9b18-4c11-a010-a5e5db2303ac_en?filename=cv-patrick-child_en.pdf
Themis Christophidou,Director-General,Directorate-General for Regional and Urban Policy," 
Themis CHRISTOPHIDOU 
 
Nationality 
 
➢ Cypriot 
Academic qualifications ➢ 2017: Leadership Development Program, Harvard Business 
School 
 
➢ 1980 – 1986: MSc Civil Engineering, Athens National 
Polytechnic Metsovio 
 
Professional experience in 
the European Institutions 
➢ Since 16/09/2023: Director -General – Directorate-General 
“Regional and Urban Policy” (REGIO) 
 
➢ 03/2018 – 09/2023: Director-General - Directorate-General 
""Education, Youth, Sport and Culture"" (EAC) 
 
➢ 2014 – 02/2018: Head of Cabinet  of Commissioner Christos 
Stylianides (portfolio: H umanitarian Aid and Crisis 
Management) 
 
➢ 2011 – 2014: Head of Cabinet  of Commissioner Maria 
Damanaki (portfolio: Maritime Affairs and Fisheries) 
 
➢ 2010 – 2011: Deputy Head of Cabinet  of Commissioner 
Androulla Vassiliou  (portfolio: Education, Culture, 
Multilingualism, Youth, Sport) 
 
➢ 2010: Head of Unit , Directorate-General for Regional Policy 
(REGIO) 
 
➢ 2009: Assistant to the Director -General for Regional Policy 
(REGIO) 
 
➢ 2007 – 2008: Member of the Cabinet  of Commissioner  
Danuta Hübner (portfolio: Regional Policy) 
 
➢ 2001 – 2006: Directorate General for Regional Policy (REGIO) 
Professional experience 
before joining the European 
Institutions 
➢ 1998 – 2001: Consultant, capacity building for enlargement 
countries (Brussels) 
 
➢ 1995 – 1998: Adviser, inter-municipal cooperation, Council of 
European Municipalities and Regions (Brussels) 
 
➢ 1992 – 1994: Managing Director, Eoliki Techniki S.A. public 
works construction company (Greece) 
 
➢ 1986 – 1991: Supervision engineer , Ergodomi S.A. public 
works construction company (Greece) 
Language Skills ➢ Greek (mother tongue) 
➢ English 
➢ French 
 
",https://commission.europa.eu/document/download/13297597-dd66-4924-87cb-bffb10b5d1a7_en?filename=CV-CHRISTOPHIDOU_EN.pdf
Declan Costello,Deputy Director-General,Directorate-General for Economic and Financial Affairs," 
 
Declan COSTELLO 
 
Nationality 
 
 Irish 
Academic 
qualifications 
 09/1988 – 06/1989: Masters Degree in the Economics of European 
Integration – College of Europe, Bruges, Belgium 
 
 09/1984 – 06/1988: Degree in Economics - Trinity College Dublin - Dublin, 
Ireland 
Professional 
experience in the 
European Institutions 
 Since 1 August 2019 : Deputy Director-General - Directorate-General 
""Economic and Financial affairs"" (DG ECFIN). 
 
 10/2015 – 07/2019: Principal Adviser and Mission Chief for Greece – 
DG ECFIN 
 
 05/2014 – 09/2015: Director for ""Economies of the Member States I  and 
Mission Chief for Greece"" – DG ECFIN 
 
 01/2012 – 04/2014: Acting Director "" Resources & Communication"" – 
DG ECFIN 
 
 09/2010 – 12/2011: Head of Unit "" Macroeconomic impact of structural 
reforms"" – DG ECFIN 
 
 09/2010 – 03/2011: Acting Director ""Structural reforms  and 
competitiveness"" – DG ECFIN 
 
 01/2009 – 09/2010: Head of Unit ""Coordination of structural reforms 
and of the economic service"" – DG ECFIN 
 
 08/2008 – 12/2008: Head of Unit ""International economic aspects of 
globalisation"" – DG ECFIN 
 
 06/2006 – 07/2008: Head of Unit ""Structural reforms policy strategy"" – 
DG ECFIN 
 
 10/2003 – 06/2006: Head of Unit ""Labour markets, including wages, tax 
and benefit systems, human capital and labour productivity"" – DG 
ECFIN 
 
 01/1999 – 10/2003: Economist ""Public finances, with particular 
reference to the euro zone"" – DG ECFIN 
 
 03/1994 – 12/1998: Economist ""Institutional, legal and financial issues 
related to EMU"" – DG ECFIN 
 
 01/1992 – 10/1992: Economist seconded to the Cabinet of the Portuguese 
Minister of the Finance during Portugal’s first Presidency of the EU – DG 
ECFIN 
 
 01/1991 – 02/1994: Economist ""Economic aspects of integration and 
evaluation of external policies"" – DG ECFIN 
Language Skills  English (mother tongue) 
 
 French 
 Irish, Spanish 
 
",https://commission.europa.eu/document/download/62fe1f4e-c1f6-428d-9b87-6827164f26c9_en?filename=cv-declan-costello_en.pdf
Alberto De Gregorio Merino,Director-General,Legal service,,
Koen Doens,Director-General,Directorate-General for International Partnerships," 
Koen DOENS 
Nationality  Belgian 
Academic qualifications  09/1990 – 06/1991: Master in International Politics – Antwerp 
University – UIA – Antwerp, Belgium  
 09/1986 – 06/1987: Master in Classical Philology – Katholieke 
Universiteit – KUL – Leuven, Belgium  
 09/1983 – 06/1986: Bachelor in Classical Philology – Antwerp 
University - UFSIA – Antwerp, Belgium 
Professional experience in 
the European Institutions  Since October 2019: Director-General - Directorate-General 
“International Partnerships” (INTPA) previously named ""International 
Development and Cooperation” (DEVCO) 
 
 March 2018 to September 2019: Deputy Director-General - 
Directorate-General ""International Development and Cooperation” 
(DEVCO) 
 11/2014 – 02/2018: Director EU/AU Relations, East and Southern 
Africa and Indian Ocean, Head of the Task Force Post-Cotonou 
(DEVCO)  
 02/2010 – 10/2014: Director, Head of the Spokespersons Service 
(SPP)  
 11/2009 – 01/2010: Specific assignment to the DG of DG DEV (effects 
of the economic & financial crisis on developing countries) (DEV)  
 11/2007 – 10/2009: Head of Cabinet of the Commissioner in charge 
of Development Cooperation and Humanitarian Aid (Louis MICHEL, 
then Karel DE GUCHT)  
 11/2004 – 11/2007: Deputy Head of Cabinet of the Commissioner in 
Charge of Development Cooperation and Humanitarian Aid (Louis 
MICHEL)  
 09/2004 – 11/2004: Deputy Head of Cabinet of the Commissioner in 
charge of RTD (Phillipe BUSQUIN, then Louis MICHEL) 
Professional experience 
before joining the 
European Institutions 
 07/2004 – 09/2004: Counsellor in charge of Transatlantic Relations, 
Russia and Eastern Europe, OSCE, United Nations, WTO, Terrorism – 
Cabinet of the Minister for Foreign Affairs of Belgium, Karel DE GUCHT  
 08/2003 – 07/2004: Counsellor in charge of Transatlantic Relations, 
Russia and Eastern Europe, OSCE, United Nations, WTO, Terrorism – 

Cabinet of the Minister for Foreign Affairs of Belgium, Louis MICHEL  
 08/2001 – 08/2003: Counsellor in charge of Multilateral Trade – 
Cabinet of the Minister for Foreign Trade of Belgium, Annemie NEYTS  
 08/1998 – 08/2001: Head of the economic section of the Belgian 
Embassy in Moscow – Embassy of Belgium in Moscow (Russian 
Federation)  
 08/1997 – 12/1997: Chargé d'Affaires at the Belgian Embassy in 
Teheran – Embassy of Belgium in Teheran (Iran)  
 08/1994 – 08/1998: Diplomat at the Belgian Embassy in Damascus – 
Embassy of Belgium in Damascus (Syria)  
 01/1993 – 08/1994: Diplomat at the Belgian Ministry of Foreign 
Affairs – Ministry of Foreign Affairs of Belgium 
Other professional 
activities 
 Professor Latin and Greek  
01/1989 - 06/1990: College Eucharistisch Hart (Essen-Belgium)  
11/1988 – 02/1989: Klein Seminarie (Hoogstraten – Belgium)  
 
 11/1987 – 10/1988: Military service – Belgian Army 
Language Skills  Dutch (mother tongue)  
 French, English, Spanish, German 
 ",https://commission.europa.eu/document/download/71fd40c5-4a56-432f-a5d6-e4120023f2b0_en?filename=cv-koen-doens_en.pdf
Joanna Drake,Deputy Director-General,Directorate-General for Research and Innovation," 
 
Joanna DRAKE 
 
Nationality: 
 
 
Maltese 
 
Academic 
qualifications: 
 09/1989 – 05/1990: Postgraduate Diploma in Advanced European Legal Studies. 
College of Europe in Bruges, Belgium 
 
 02/1983 – 12/1988: Doctor of Laws.  University of Malta 
 
 02/1986 – 11/1987: Diploma Notary Public.  University of Malta 
Professional 
experience in the 
European Institutions: 
 Since 1 st October 2021:  Deputy Director -General in charge of Implementation, Impact & 
Sustainable Investment Strategies – Directorate-General Research and Innovation (RTD) 
 
 03/2016 - 09/2021 :  Deputy Director -General in charge of Coordination of Resource -
efficiency policies and instruments in DG Environment (ENV) 
 
 06/2015 - 03/2016:  Principal Adviser, Chair of Task Force o n The Collaborative Economy, 
New Business Models And SME's  - DG Internal Market, Industry, Entrepreneurship and SMEs 
(GROW).  I connect the various strands of activities inside DG GROW, with a view to 
developing a set of recommendations  for the Commission to consider its positioning on this 
complex and multi -faceted phenomenon (UBER, AirBnB,  Blablacar etc). As Chair , main 
reference point for DG GROWs interaction with other DG's on this subject and  responsible for 
ensuring the contribution to the upcoming chapter on the collaborative economy in the Internal 
Market strategy to be launched by DG GROW in autumn 2015 
 
 01/2010 – 05/2015: Director, SME's and Entrepreneurship (DG GROW) covering: 
o SME policy (including the Small Business Ac (SBA), burden reduction and SME test 
application), 
o Entrepreneurship policy and Erasmus for entrepreneurs, 
o 2.1 bn Euro of financial instruments under CIP (competitiveness and innovation 
programme) and 2.3 bn Euro under COSME (competitiveness for SME's programme), 
o Clusters policy and programmes, 
o Enterprise Europe network (SME support n etwork managed and supported by the 
commission in 54 countries with over 600 consortia), 
o Internationalisation for SME's (including SME dialogues with China, US, Eastern 
partnership countries and TTIP negotiations )and Missions for Growth, 
o Negotiation and l aunching of implementation of the 2.3 bn Euro ""SME instrument"" (in 
conjunction with DG RTD) as part of Horizon 2020 programme 
o Implementation of Late Payments Directive (since March 2013) 
o Managing externalisation process to EASME (Executive Agency for SME's ) between 2013-
1015 
o Strengthening and mobilising relations with stakeholders at European, national, regional 
and local level 
o Representing the Commission during high level dialogues and negotiations in China, US, 
Tunisia, Abu Dhabi, most member states, as w ell as deliver presentations in numerous 
major events, panel discussions, addresses to MEPs, European and national parliaments, 
Committee of the Regions and the Economic and Social Committee 
 
 10/2005 – 01/2010: Head of Representation – Valletta – Malta 
Professional 
experience before 
joining the European 
Insti",https://commission.europa.eu/document/download/f950291a-2885-4a02-85b6-42d93de6a7dd_en?filename=cv-joanna-drake_en.pdf
Jan Dusík,Deputy Director-General,Directorate-General for Climate Action," 
Jan DUSÍK 
Nationality 
 
Czech 
 
Academic qualifications ➢ 2002 Master of Science (M.Sc.), University of Oxford, Environmental Change 
Institute – Oxford, United Kingdom 
➢ 2001 JUDr. (Doctor of Law), Charles University, Faculty of Law – Prague, 
Czechia 
➢ 1998 Mgr. (Master of Law), Charles University, Faculty of Law – Prague, 
Czechia 
 
Professional experience in 
the European Institutions 
➢ Since 1 September 2024: Deputy Director-General, DG Climate Action 
(CLIMA) – Brussels, Belgium 
➢ 07/2003 – 07/2004: Legal Desk Officer, DG Environment (ENV) – Brussels, 
Belgium 
 
Professional experience 
before joining the European 
Institutions 
➢ 02 – 08/2023: Adviser to the Minister on Climate Diplomacy, Ministry of 
Environment of the Czech Republic – Prague, Czechia 
➢ 06/2022 – 08/2024: Government Envoy for International Climate 
Negotiations, Ministry of Environment of the Czech Republic – Prague, 
Czechia  
➢ 06/2022 – 01/2023: Deputy Minister for Climate Protection, Ministry of 
Environment of the Czech Republic – Prague, Czechia 
➢ 04/2021 – 05/2022, 02/2023 – 07/2024: Senior Lead, Governance, WWF 
Arctic Programme – Gland, Switzerland 
➢ 03/2020 – 12/2021: Lead Specialist on Sustainable Development, WWF 
Arctic Programme – Gland, Switzerland 
➢ 01/2018 – 12/2019: Principal Adviser on Strategic Engagement for the 
Arctic and Antarctic, United Nations Environment Programme – Geneva, 
Switzerland 
➢ 02/2014 – 12/2017: Regional Director and Regional Representative for 
Europe, United Nations Environment Programme – Geneva, Switzerland 
➢ 12/2011 – 01/2014: Acting Regional Director and Regional Representative 
for Europe, United Nations Environment Programme – Geneva, Switzerland 
➢ 07 – 11/2011: Deputy Regional Director, United Nations Environment 
Programme – Geneva, Switzerland 
➢ 11/2009 – 03/2010: Minister of Environment, Ministry of Environment of the 
Czech Republic – Prague, Czechia 
➢ 09/2006 – 11/2009: (First) Deputy Minister, Ministry of Environment of the 
Czech Republic – Prague, Czechia 
➢ 11/2005 – 09/2006: Director General for Strategies and Legislation, Ministry 
of Environment of the Czech Republic – Prague, Czechia 
➢ 07/2004 – 11/2005: Director of EU Department, Ministry of Environment of 
the Czech Republic – Prague, Czechia 
➢ 03/2001 – 06/2003: Director of European Integration Department, Ministry 
of Environment of the Czech Republic – Prague, Czechia 
➢ 03/1999 – 02/2001: Deputy Director of European Integration Department, 
Ministry of Environment of the Czech Republic – Prague, Czechia 
➢ 04/1998 – 02/1999: Senior Expert, Ministry of Environment of the Czech 
Republic – Prague, Czechia 
➢ 02/1995 – 02/1998: Founder, Senior Partner, Environmental Law Service – 
Praque, Brno, Czechia 
 
Language Skills Czech (mother tongue) 
➢ English 
➢ French 
➢ Russian 
➢ Slovak 
 ",https://commission.europa.eu/document/download/4f9e8375-8cbb-4dce-b5fa-b5b2cdb4b1c3_en?filename=cv-jan-dusik_en_0.pdf
Christos Ellinides,Director-General,Directorate-General for Translation," 
 
Christos ELLINIDES 
 
Nationality: 
 
Cypriot 
Academic 
qualifications: 
➢ 29/08/2009: C.Eng. (Chartered Engineer), Engineering Council U.K., 
London (U.K.) 
➢ 28/01/1987: M.Sc. in Systems Analysis and Design, The City University, 
London (U.K.) 
➢ 07/06/1985: B.Sc. (cum laude – with honors) Computer Science and 
Business Administration, Nova University, Miami (U.S.A) 
Professional 
experience in the 
European 
Institutions: 
➢ Since 1 December 2023: Director-General, Directorate-General 
Translation (DGT) 
➢ Since 1 March 2022: Chairman of the Management Board of the 
Translation Centre for the Bodies of the European Union (CdT) 
➢ 09/2014 – 11/2023: Deputy Director-General Responsible for directorates 
A, B, C and D, Directorate-General Translation (DGT) 
➢ 03/2022 – 11/2023: Acting Director-General (DGT) 
➢ 01/2006 – 08/2014: Director for Corporate Solutions and Services, 
Directorate-General Digital Services (DIGIT) 
➢ 07-08/2014: Acting Director for Digital Infrastructure Solutions (DIGIT) 
Professional 
experience before 
joining the European 
Institutions: 
➢ 01/2000 – 12/2005: Chief Information Officer (CIO), Cyprus Airways 
Group of Companies 
➢ 03/1998 – 01/2000: Director-General, Zenon National Distribution Centre 
Ltd. (Subsidiary of the Cyprus Airways Group) 
➢ 09/1992 – 02/1998: Director-General, Cyprus Import Corporation Ltd. 
(Tech Division) 
➢ 09/1989 – 03/1995: MIS Manager, Mercedes Benz (Cyprus) 
➢ 10/1987 – 08/1989: Software Services Manager, WANG Cyprus 
➢ 11/1986 – 10/1987: Analyst/Programmer & Systems Support Engineer, 
INFOTRONICS Ltd. 
Other professional 
activities: 
➢ 09/1995 – 12/1999: Senior Lecturer (visiting), Higher Technical Institute 
of Cyprus 
➢ 08/1992 – 12/2005: Member of the Board of Directors & Senior 
Lecturer (visiting), European University of Cyprus 
➢ 04/1999 – 03/2004: Director and Member of the Board of the Cyprus 
Scientific and Technical Chamber (ETEK) 
Language Skills: ➢ Greek, Modern (mother tongue) 
➢ English 
➢ French 
 
",https://commission.europa.eu/document/download/c8bbc433-f4bc-4dac-a4a9-33ce65914f68_en?filename=cv-christos-ellinides_en_0.pdf
Sophia Eriksson Waterschoot,Deputy Director-General,Directorate-General for Communication," 
 
 
 
 
 
 
 
 
 
 
 
 
Sophia ERIKSSON WATERSCHOOT 
 
 
Nationality 
 
Swedish 
 
Academic qualifications ➢ 05/2015: Executive education “Women and Power” program, Harvard 
University, John F. School of Government – Cambridge, MA, United States  
➢ 2005 – 2006: Master en études interdisciplinaires européennes, Université 
Catholique de Louvain (UCL) – Louvain-la-Neuve, Belgium 
➢ 1994 – 1995: Master of Science, Economics, Stockholm University – 
Stockholm, Sweden 
➢ 1993 – 1994: Certificat d’economie européenne (Erasmus exchange), 
Université de Montpellier – Montpellier, France 
➢ 1989 – 1994: Master of Science, International Business, Uppsala University 
– Uppsala, Sweden 
Professional experience 
in the European 
Institutions 
➢ Since 16 September 2024: Deputy Director-General, DG Communication 
(COMM) – Brussels, Belgium 
➢ Since 23 September 2024: Acting Director for Political Communication & 
Services, DG Communication (COMM) – Brussels, Belgium 
➢ 05/2017 – 09/2024: Director for Youth, Education and Erasmus+, DG 
Education Youth, Sport and Culture (EAC) – Brussels, Belgium 
➢ 06/2013 – 12/2016: Head of Unit for Europe 2020, Investment Plan, Education 
and Training 2020, DG Education and Culture (EAC) – Brussels, Belgium 
➢ 07/2016 – 05/2017: Acting Director for Modernisation of Education I: Europe 
2020, Country Analysis, Erasmus+ Coordination, DG Education and Culture 
(EAC) – Brussels, Belgium 
➢ 06/2011 – 05/2013: Adviser to the Deputy Director-General, DG Education 
and Culture (EAC) – Brussels, Belgium 
➢ 05 – 11/2012: Member of Cabinet, Cabinet of Commissioner Vassiliou 
(portfolio: Education, Culture, Multilingualism and Youth) – Brussels, Belgium 
➢ 06/2009 – 05/2011: Head of Sector for Higher Education Policy, DG 
Education and Culture (EAC) – Brussels, Belgium 
➢ 02/2008 – 05/2009: Strategic Planning Officer for Cohesion Policy, DG 
Regional Policy (REGIO) – Brussels, Belgium 
➢ 01/2005 – 01/2008: Programme Manager for European Social Fund, DG 
Employment and Social Affairs (EMPL) – Brussels, Belgium 
➢ 04/2000 – 12/2004: Policy Coordinator for European Employment Strategy, 
DG Employment and Social Affairs (EMPL) – Brussels, Belgium 
➢ 05/1996 – 03/2000: Team Leader for Tourism Statistics, Eurostat (ESTAT) - 
Luxembourg 
Professional experience 
before joining the 
European Institutions 
➢ 10/1994 – 05/1996: Research Assistant, Trade Union Institute for Economic 
Research (FIEF), partly on assignment to the Ministry of Labour – Stockholm, 
Sweden 
Language Skills Swedish (mother tongue) 
➢ English 
➢ French 
➢ Italian 
 
",https://commission.europa.eu/document/download/fddcae2a-28aa-4753-b2e5-5ab839fe4c37_en?filename=cv-sophia-eriksson-waterschoot_en_0.pdf
Myriam Ferran,Deputy Director-General,Directorate-General for International Partnerships," 
 
Myriam FERRAN 
 
Nationality 
 
French 
Academic qualifications  02/2017: Certificate of completion of the Leadership Decision Making 
Program – John F. Kennedy School of Government – Harvard University 
 
 09/1991 – 07/1992: Licence Spéciale en Droit Européen  – Institut d’Etudes 
Européennes – Université Libre de Bruxelles 
 
 09/1990 – 12/1992: Ingénieur du corps du génie rural des eaux et forêts 
(IGREF) – École du Génie Rural des Eaux et Forêts (ENGREF) 
 
 09/1988 - 07/1990 : Engineer in Agronomics – Institut National Agronomique 
Paris-Grignon (INAPG) 
 
Professional experience in the 
European Institutions 
 Since 1 November 2021: Deputy Director -General – Directorate-General 
International Partnerships (DG INTPA) 
 
 10/2017 - 10/2021: Director “Strategy and Turkey” – Directorate-General 
“Neighbourhood and Enlargement Negotiations” (DG NEAR) 
 
 05/2015 – 10/2017: Head of Unit “Turkey” – DG NEAR 
 
 10/2010 – 05/2015: Head of Unit “Serbia” -  DG ELARG 
 
 12/2009 – 10/2010: Head of Unit “Iceland” – DG ELARG 
 
 01/2007 – 12/2009: Cabinet of the Commissioner in charge of enlargement, 
Olli REHN 
 
 11/2008 – 12/2009: Deputy Head of Cabinet 
 
 01/2007 – 10/2008: Member of Cabinet 
 
 01/2006 – 01/2007: Assistant to Deputy Director -General for Energy – 
Directorate-General Transport and Energy (DG TREN) 
 
 04/2004 – 01/2006: Assistant to the Director-General for Enlargement Policy 
(DG ELARG) 
 
 09/2001 – 04/2004: Administrator / PHARE programming Officer – Estonia 
Team – (DG ELARG) 
 
Professional experience before 
joining the European Institutions 
 09/1999 – 09/2001: Deputy Head of Cabinet of French Minister for 
Environment, Dominique Voynet  - Ministère de l’Environnement 
 
 04/1998 – 09/1999: Administrator in charge of EU budget, French Budgetary 
Department, Ministère de L’Economie et des Finances 
 
 09/1996 – 04/1998: Administrator within the French Budget Department, in 
charge of Agriculture - Ministère de L’Economie et des Finances 
 
 12/1992 – 09/1996: Administrator in charge of Food legislation, French 
Ministry of Agriculture – Ministère de l’Agriculture 
 
Language Skills  French (mother tongue) 
 
 English – Spanish 
 Italian 
 
 ",https://commission.europa.eu/document/download/ef748f73-ce8a-4bdd-80f0-e06ddf9b666d_en?filename=cv-myriam-ferran_en.pdf
Florika Fink-Hooijer,Director-General,Health Emergency Preparedness and Response Authority," 
 
 
 
Florika FINK - HOOIJER 
Nationality German 
Academic 
qualifications 
 Dr. iur (Doktor der Rechte, magna cum laude), Freie Universität - Berlin, Germany 
(1989) 
 Master (LL.M) in International and Comparative Law (magna cum laude), Vrije 
Universiteit Brussels - Belgium (1988) 
 Degree in law (1. Juristisches Staatsexamen), Rheinische Friedrich Wilhelms 
Universität Bonn, Germany, Université de Lausanne (Switzerland) (1980-1985) 
Professional 
experience in the 
European 
Institutions 
 Since 04/2025: Director-General, DG Health Emergency Preparedness and 
Response Authority (HERA) 
 09/2020 – 03/2025: Director General, DG Environment (ENV) – Circularity, Zero 
Pollution incl. Water Resilience, Biodiversity & nature financing, Green Diplomacy  
 06/2016-08/2020: Director General, DG Interpretation (SCIC), incl. Conference & 
Room Management  
 09/2012-05/2016: Director for Strategy, Policy and International Cooperation - DG 
Humanitarian Aid and Civil Protection (DG ECHO), civil-military cooperation, 
emergency assistance, disaster risk management 
 02/2010-09/2012: Head of Cabinet Commissioner K.Georgieva, responsible for 
International Cooperation, Humanitarian Aid and Crisis Response 
 10/2006-02/2010: Head of Unit - Secretariat General ""Strategic Objective Security 
and  External Responsibility and President Briefings"", Group of Relex 
Commissioners, Commissioners Group on Fundamental Rights, Kosovo and Cyprus 
Steering Group, Biotech Steering Committee (GMOs) 
 02/2006-09/2006: Head of Unit -DG External Relations ""Japan, North and South 
Korea, Australia, New Zealand"" 
 01/2000-01/2006: Head of Unit -""Institutional and legal matters for External 
Relations"" (EC sanctions policy, CFSP & crisis management, Relex Counsellor) 
 01/1999-1/2000: Member of the Cabinet of Commissioner Frits Bolkestein (Internal 
Market and Financial Services) 
 01/1995-12/1998: Member of Cabinet of Commissioner Dr. M. Wulf-Mathies 
(Regional Policy and Cohesion) 
 01/1990-01/1995: various positions as Administrator at DG Internal Market, 
Secretariat General, DG IA ( External Political Relations) 
Professional 
experience before 
joining the European 
 01/1989-12/1989: Associate Dutch law firm De Brauw Blackstone Westbroek, The 
Hague 
 01/1986-12/1987: Associate German law firm Nordemann, Vinck & Hertin, Berlin 
Language Skills  German (mother tongue) 
 English, French, Dutch 
 
",https://commission.europa.eu/document/download/cc4bffc0-8cf2-48ca-877b-e8acb14bf070_en?filename=cv-florika-fink-hooijer_en.pdf
Veronica Gaffey,Director-General,Directorate-General for Digital Services," 
 
 
Veronica GAFFEY 
 
 
Nationality 
 
Irish 
Academic qualifications ➢ 09/1988 – 06/1989: Certified Diploma in Accounting 
and Finance , Association of Chartered Certified 
Accountants – Dublin, Ireland 
➢ 10/1981 – 05/1985: Two Subject Honours 
Moderatorship (Grade 2.1) , Trinity College – Dublin, 
Ireland 
Professional experience in the European 
Institutions 
➢ Since March 2022: Director -General “ Digital 
Services” (DG DIGIT) 
➢ 03/2019 – 02/2022: Chair of the Regulatory Scrutiny 
Board (RSB) 
➢ 10/2016 – 03/2019: Director of the Administration and 
Payment of Individual Entitlements Office (PMO) 
➢ 07/2015 – 09/2016: Director of Budget and General  
Affairs – Directorate-General Regional and Urban 
Policy (DG REGIO) 
➢ 09/2010 – 10/2012 Acting Director, Policy 
Development Directorate - DG REGIO 
➢ 03/2007 – 07/2015: Head of Unit ""Evaluation and 
European Semester"" - DG REGIO 
➢ 12/2005 – 02/2006: Head of Unit ""Innovative 
Actions"" - DG REGIO 
➢ 07/2000 – 11/2005: Principal Administrator in the 
""Evaluation and European Semester"" unit – DG REGIO 
Professional experience before joining the 
European Institutions 
➢ 01/1992 – 06/2000: Manager – European Social 
Fund Evaluation Unit , Department of Enterprise, 
Trade and Employment  
➢ 05/1986 – 12/1991: Administrative Officer , 
Department of Labour 
➢ 05/1985 – 04/1986: Shop Assistant , Image Posters – 
Dublin, Ireland 
Language Skills ➢ English (mother tongue) 
➢ Irish 
➢ German 
➢ Italian 
➢ French 
 
 ",https://commission.europa.eu/document/download/de97b364-4bfb-4bab-b158-3e01766d5de3_en?filename=cv-veronica-gaffey_en.pdf
Ana Gallego Torres,Director-General,Directorate-General for Justice and Consumers," 
 
Ana GALLEGO TORRES  
 
Nationality 
 
Spanish 
Academic qualifications  
 1992 – 1998: Degree in Law – University of Granada, 
Spain 
 
 1993 – 1997: Studies on  Translation and 
Interpreting – University of Granada, Spain 
 
Professional experience in 
the European Institutions 
 16 November  2021 to date : Director-General – 
Directorate-General “Justice and Consumers” (DG 
JUST) 
Professional experience 
before joining the European 
Institutions 
 06/2018 – 11/2021: Director-General of International 
Legal Cooperation and Human Rights , Ministry of 
Justice - Spain 
 
 2017 – 2018: Managing Director of the Spanish Film 
Archive, Institute of Cinematography and Audio-visual 
Arts, Ministry of Education, Culture and Sport - Spain 
 
 2013 – 2016: Policy Officer under Deputy Director for 
Inter-institutional Coordination at the Government 
Delegation for countering Gender -Based Violence, 
Ministry of Health, Social Services and Equality - Spain 
 
 2011 – 2012: Justice Counsellor  at the Spanish 
Permanent Representation before the EU (Brussels) 
 
 2004 – 2010: Deputy Director for international legal 
cooperation, General Directorate for International 
Legal Cooperation – Ministry of Justice - Spain 
 
 2002 – 2004: Head of Unit  under Directorate 
International Legal Cooperation – Ministry of Justice – 
Spain 
 
 
Language Skills  Spanish (mother tongue) 
 
 English – French  
 
 ",https://commission.europa.eu/document/download/efe82214-800e-42aa-8bbc-68193cc0aa01_en?filename=cv-ana-gallego-torres_en.pdf
Sandra Gallina,Director-General,Directorate-General for Health and Food Safety," 
 
Sandra GALLINA 
 
Nationality 
 
Italian 
Academic 
qualifications 
 11/1981 – 07/1987: Laurea in Interpretazione – Summa cum 
laude 
Scuola Superiore di Lingue Moderne per Interpreti e 
TraduttoriScuola Superiore di Lingue Moderne per Interpreti e 
Traduttori – Università di Trieste – Trieste, Italy 
   
Professional 
experience in the 
European 
Institutions 
 Since 16/10/2020: Director-General – Directorate-General Health 
and Food Safety (SANTE).  
 
 
 07/2020 – 10/2020: Deputy Director -General – Directorate-
General SANTE  
 
 01/10/2020 - 15/10/2020: Acting Director -General – DG 
SANTE 
 
 05/2018 – 06/2020: Deputy Director-General – Directorate-
General Trade  
 
 09/2015 – 04/2018: Director ""Sustainable Development; 
Economic Partnership Agreements - African, Caribbean and 
Pacific; Agri -food and Fisheries"" – DG TRADE.  Appointed as 
Director ad interim from 01/2014 until 11/2014. 
 
 01/2012 – 08/2015:  Head of unit ""Economic Partnership 
Agreements – African, Caribbean and Pacific, Overseas 
Countries and Territories"" – DG TRADE 
 
 01/2010 – 12/2011: Head of unit  ""Economic partnership 
agreements 1"" – DG TRADE 
 
 06/2001 – 01/2010: Team leader  - EU Lead Negotiator for WTO-
DDA Non-Agricultural Market Access (NAMA) and Coordinator of 
WTO Market Access and Customs Matters – DG TRADE 
 
 09/1999 – 11/2001: Administrator for Non -Preferential Rules of 
Origin – Directorate-General ""Taxation and Customs Union"" 
(TAXUD) 
 
 05/1988 – 09/1999: Interpreter Italian Language Unit  – 
Directorate-General ""Interpretation"" (SCIC) 
 
Language Skills  Italian, Spanish (mother tongue) 
 
 French, English 
 Portuguese, German 
 
 ",https://commission.europa.eu/document/download/7d0a6622-ed3f-4bd0-bfca-470d0a8c5f63_en?filename=cv-gallina-sandra_en.pdf
Hubert Gambs,Deputy Director-General,Directorate-General for Justice and Consumers," 
Hubert GAMBS 
 
Nationality 
 
➢ Austrian 
Academic qualifications ➢ 1987-1992: Law at the University of Innsbruck (""Magister der 
Rechtswissenschaften"")  
➢ 1989-90 and 1992-93: European and international law studies at 
the Universities of Paris II Panthéon-Assas and Alcalá de Henares 
(Madrid) (exchange programmes) 
Professional experience in the 
European Institutions 
➢ Since 16th February 2026: Deputy Director-General “Digital 
Transformation, Justice and Consumers” in DG Justice and 
Consumers (DG JUST) 
➢ July 2020 – 15 February 2026: Deputy Director-General, 
Directorate-General for Internal Market, Industry, Entrepreneurship 
and SMEs (DG GROW) 
➢ September 2016 – June 2020: Director ""Modernisation of the Single 
Market"" (since January 2020 “Services in the Single Market and 
Digitalisation”), DG GROW 
➢ November 2014 – August 2016: Director ""Mediterranean and Black 
Sea"", Directorate-General for Maritime Affairs and Fisheries (DG 
MARE) 
➢ 2010 – 2014: Head of Cabinet of Johannes Hahn, Commissioner 
for Regional Policy 
➢ 2004 – 2010: Member of Cabinet of Benita Ferrero-Waldner, 
Commissioner for External Relations and European Neighbourhood 
Policy (2004-09), Commissioner for Trade and European 
Neighbourhood Policy (2009-10) 
➢ 2004: Member of Cabinet of Franz Fischler, Commissioner for 
Agriculture, Rural Development and Fisheries 
➢ 1998 – 2004: Case handler, Directorate-General for Competition 
(DG COMP) 
➢ 1996 – 1998: Administrator, General Secretariat of the Council of 
the European Union 
Professional experience before 
joining the European Institutions 
➢ 1994 – 1996: Case handler, Office for Public Procurement Control 
(Bundesvergabeamt), Federal Ministry of Economic Affairs, Vienna 
Other activities ➢ 1988 – 1994: Member of “The European Law Students’ Association 
(ELSA)”  
Language Skills ➢ German (mother tongue) 
➢ English, French, Spanish (fluent) 
 
",https://commission.europa.eu/document/download/f49ee4e1-53c9-4a39-9925-680c37a6ada5_en?filename=CV%20GAMBS%2C%20Hubert%20-%20EN.pdf
Céline Gauer,Director-General,Reform and Investment Task Force," 
 
 
Céline GAUER 
 
Nationality 
 
 French 
Academic 
qualifications 
 1994: Master in Law – University of Paris I – Sorbonne 
 
 1992: Diploma of the Institut d'Etudes Politiques de Paris 
 
 1989: Baccalauréat (philosophy and mathematics) 
 
Professional 
experience in the 
European Institutions 
 Since 02/2025: Director -General – Head of the Reform and 
Investment Task Force (SG.REFORM) 
 
 11/2020 – 01/2025: Director-General - Head of the Recovery and 
Resilience Task Force (RECOVER) 
 
 01/08/2018 – 31/10/2020: Deputy Secretary- General in charge of 
Smart Regulation and Work Programme and Policy Co- ordination I in 
the Secretariat General (SG) 
 
 16/03/2018 – 31/07/2018:  Deputy Director -General, Directorate-
General ""Health and Food Safety"" (SANTE) 
 
 07/2014 – 15/03/2018: Director ""Market and cases I: Energy and 
Environment"", Directorate-General ""Competition"" (COMP) 
 
 2008 – 2014: Head of Unit ""Antitrust – Energy and Environment – 
DG COMP 
 
 2006 – 2008: Deputy Head of Unit ""Antitrust and Merger Case 
support"" DG COMP 
 
 2004 – 2006: Unit ""Antitrust and Merger Case support""  – 
Responsible for setting- up the network of national competition 
authorities. – DG COMP 
 
 1998 – 2004: Unit ""Legislation and relation with the Member 
States"" – Member of the team responsible for the review of Antitrust 
rules. – DG COMP 
 
 1995 – 1998: Unit ""Steel, construction, glass and non- ferrous 
metals"" – Case-handler – DG COMP 
 
 1994 – 1995: Unit ""Product and services security""  – Directorate-
General ""Consumer Protection"" 
 
Others  Violoncellist, member of the Bruocsella Symphonic Orchestra since 
1996 
Language Skills  French (mother tongue) 
 English, German 
 
",https://commission.europa.eu/document/download/d0ffe366-f0af-4b07-b828-07c3dbba0b27_en?filename=cv-celine-gauer_en_1.pdf
Beate Gminder,Director-General,Directorate-General for Migration and Home Affairs," 
 
 
Beate GMINDER 
 
Nationality 
 
➢ German 
Academic qualifications ➢ 2016: EUSA programme for newly appointed Directors 
➢ 2015: Leadership course at Harvard Kennedy School, Cambridge 
➢ 1995-2014: European Commission training courses incl. personal coachings 
➢ 1995: Courses in political communication at Emerson College, Boston 
➢ 1993: Diploma as Redakteurin, German School of Journalism, Munich 
➢ 1993 : Diploma as Journalistin Ludwig-Maximilians-University in Munich 
➢ 1986: Abitur (Friedrich-List-Gymnasium in Reutlingen)  
Professional experience in the 
European Institutions 
➢ Since 01/07/2025: Director-General in DG Migration and Home Affairs 
(HOME) 
➢ 16/11/2020 – 30/06/2025: Deputy Director-General in charge of the “Task 
Force Migration Management” in DG Migration and Home Affairs (HOME) 
➢ 01/01/2024 – 30/06/2025: Acting Director-General in DG Migration and 
Home Affairs (HOME) 
➢ 16/02/2018 – 15/11/2020: Director “Migration and Security Funds; 
Financial Resources”, DG HOME 
➢ 23/09/2020 – 15/11/2020: Acting Deputy Director General – Head of the 
Task Force Migration Management   
➢ 9/2015 – 2/2018: Secretary General of the European Ombudsman 
➢ 2011 – 2015: Head of Unit ""Maritime Policy in the Mediterranean and 
Black Sea"", Directorate-General for Maritime Affairs and Fisheries (MARE) 
➢ 2007 – 2011: Head of Unit of the shared Human Resources and Logistics 
Unit + acting Head of Unit of the IT and Document Management Unit, 
Directorate-General Home Affairs and Directorate-General Justice (until  
2010, Head of Unit ""Human Resources and IT"", Directorate General Justice, 
Liberty and Security) 
➢ 2006 – 2007: Assistant of the Director General, Directorate-General 
Communication (COMM) 
➢ 2004 – 2006: Member of Cabinet of First Vice-President Margot Wallström 
➢ 1999 – 2004: Spokesperson for Health and Consumer Protection for 
Commissioner David Byrne, Press and Communication Service 
➢ 1995 – 1999: Communication Officer, Information and Publications Unit, 
Directorate-General for Employment, Industrial Relations and Social Affairs 
➢ 1993 – 1995: Press Officer, Representation in Germany 
 
Professional experience before 
joining the European 
Institutions 
➢ 1989 – 1993: Journalistic positions at written and audiovisual media in 
Germany (Brigitte, ZDF, Reutlinger Nachrichten, Radio Bremen) 
Language Skills ➢ German (mother tongue) 
➢ English and French 
 
 
",https://commission.europa.eu/document/download/a405c367-5b3e-45a0-b057-ba1f451cba99_en?filename=cv-Beate-Gminder_en.pdf
Idilkó Horváth,Deputy Director-General,Directorate-General for Translation,,
Marjeta Jager,Deputy Director-General,Directorate-General for International Partnerships," 
 
Marjeta JAGER 
 
Nationality: 
 
Slovenian 
Academic 
qualifications: 
 1/10/1986 – 30/06/1991: Bachelor of Law + Bar exam (International Law) - 
University of Ljubljana - Faculty of Law 
 
Professional 
experience in the 
European Institutions: 
 Since 16/01/ 21: Deputy Director -General responsible for the coordination of 
Directorates D, E & F in DG “International Partnerships ” (INTPA) previously named 
""International Cooperation and Development Communication” (DEVCO) 
 
 16/01/2016 – 15/01/21: Deputy Director -General responsible for the coordination 
of Directorates C, G & H and the Task Force ""Knowledge, Performance and 
Results in DG ""International Cooperation and Development"" (DEVCO).   
 
 01/06/15 – 15/01/15 : Director, responsible for transport security, inter -institutional 
relations, communication, economic analysis and impact assessments, legal 
matters and infringements, policy coordination in DG ""Mobility and Transport"" (DG 
MOVE) 
 
 01/11/14 – 31/05/15:  Head of Cabinet, Cabinet of Ms Violeta BULC, responsible 
for Transport 
 
 01/07/2011 – 31/12/11: Director, responsible for inter -institutional relations, 
communication, international relations and enlargement, economic analysis & 
impact assessments, White Paper,  passengers' rights, PSO, legal matters and 
infringements, policy coordination – DG MOVE.A – Policy Coordination. 
 
 01/03/10 – 30/06/11: Director, responsible for inter -institutional relations, 
communication, international relations, enlargement, White Pape r, Impact 
assessments, Passenger's rights, PSO, infringements and policy coordination – 
DG.MOVE.A – General Policy 
 
 01/04/08 – 28/02/10:  Director, responsible for inter -institutional relations, 
communication and international energy relations and enlargem ent, EC 
representative EU Russia Energy dialogue, EC representative in IEA – Former DG 
TREN.P – General Policy and International Energy. 
 
 01/05/05 – 31/03/08:  Director, responsible for the development and 
implementation of EU legislation in the field of S ecurity – Former DG TREN.J – 
Security of persons, goods and installations. 
 
Professional 
experience before 
joining the European 
Institutions: 
 01/09/02 – 30/04/05: Deputy Permanent Representative – Minister 
Plenipotentiary, COREPER I Representative, Ministry of Foreign Affairs of the 
Republic of Slovenia 
 
 01/03/02 – 31/08/02:  State Under -Secretary in the Cabinet of the Minister of 
Foreign Affairs, Ministry of Foreign Affairs of the Republic of Slovenia 
 
 01/10/99 – 28/02/02: Head of the Cabinet of the Minister for European Affairs – 
State Under -Secretary, Government Office of the Republic of Slovenia for 
European Affairs 
 
 01/10/95 – 30/09/99: First Secretary for Enla rgement, CFSP, Justice and Home 
Affairs and Legal Affairs, Ministry of Foreign Affairs of the Republic of Slovenia  
 
 01/10/91 – 01/10/95: Counsellor, Ministry of Foreign Affairs of the Republic of 
Slovenia, European Department 
 
L",https://commission.europa.eu/document/download/a3097da5-08ca-44b6-9184-8b44fe3c3831_en?filename=cv-marjeta-jager_en.pdf
Kerstin Jorna,Director-General,"Directorate-General for Internal Market, Industry, Entrepreneurship and SMEs"," 
 
Kerstin JORNA 
 
Nationality: 
 
German 
Academic 
qualifications: 
 1989: 2. Juristisches Staatsexamen (Hamburg)  
 
 1986: Diploma of Advanced European Studies, College of Bruges ( Law)  
 
 1980 – 1985: Law studies in Bonn and Hamburg concluded with 1. Juristisches 
Staatsexamen.  
 
Professional 
experience in the 
European Institutions: 
 Since April 2020: Director -General – Directorate-General for Internal Market, 
Industry, Entrepreneurship and SMEs (GROW) 
 
 16 December 2016 – March 2020: Deputy Director-General – DG Economic and 
Financial Affairs (ECFIN)  
 
 June 2015 – 15 December 2016: Director Single market policy, regulation and 
implementation DG GROW. 
 
 2012 – June 2015: Director Intellectual Property, DG MARKT (Intellectual 
property) and DG GROW (Industrial Property, Innovation and Standards). 
 
 2010 - 2012: Deputy Head of Cabinet and  Head of Cabinet of Commissioner 
Barnier (Internal Market and financial services). 
 
 2008 - 2010: Head of Cabinet of Vice-President Barrot (Justice & Home Affairs). 
 
 2004 - 2008: Deputy Head of Cabinet of Commissioner Barrot (Transport) . 
 
 2004: Member of Cabinet of Commissioner Verheugen (Enlargement). 
 
 2002 - 2004: Member of Cabinet of Commissioner Barnier  (Regional Policy and 
Institutional Affairs). 
 
 2000 - 2001: Commission Spokeswoman (Regional Policy and Institutional Affairs) 
– Spokesman Service SPP. 
 
 1999 – 2000: Member of Commission negotiating team in the IGC (Nice Treaty), 
SG. 
 
 1999 – Deputy Head of Unit: Free movement of goods – DG MARKT. 
 
 1996 – 1998: Assistant to the Director-General – DG MARKT. 
 
 1990 – 1995: Various posts as Policy officer – DG MARKT . 
 
Professional 
experience before 
joining the European 
Institutions: 
 1986 – 1989: Academic assistant at Hamburg Law Faculty 
 
Language Skills:  German (mother tongue) 
 
 English, French, Dutch (fluent) 
 Spanish (notions) 
 
 
",https://commission.europa.eu/document/download/6b738de9-909a-41ce-8ca8-f789120af6bc_en?filename=cv-kerstin-jorna_en.pdf
Alexandra Jour-Schroeder,Deputy Director-General,"Directorate-General for Financial Stability, Financial Services and Capital Markets Union"," 
 
Alexandra JOUR-SCHROEDER 
 
Nationality 
 
 German 
Academic 
qualifications 
 1992 – Second Legal State Exam 
 
 1990 – 1992 – Legal Trainee (“Rechtsreferendarin”) at several German Courts, law firms and 
the German Embassy in Paris 
 
 1989 – First Legal State Exam 
 
 1983 – 1989 - Law studies including European and International Law  
Universities of Münster (Germany) and one year in Geneva (Switzerland) 
 
Professional 
experience in the 
European 
Institutions 
 Since 1 March 2021: Deputy Director-General – Directorate-General Financial Stability, 
Financial Services and Capital Markets Union (FISMA) 
 
 03/2017 – 02/2021: Director “Criminal Justice” – Directorate-General Justice and 
Consumers (DG JUST) 
 
 09/2018 – 02/2021: Acting Deputy Director-General – DG JUST 
 
 02/2016 – 02/2017: Head of Unit “Financial Crime” – DG JUST 
 
 11/2015 – 02/2017: Acting Director “Criminal Justice” – DG JUST 
 
 03/2011 – 09/2016: Head of Unit “Criminal law, judicial training and the e-Justice Portal 
– DG JUST 
 
 12/2014 – 03/2015: Acting Director “Criminal Justice” – DG JUST 
 
 11/2008 – 02/2011: Head of Unit “Mechanical, electrical and telecommunications 
industries” – Former Directorate-General “Enterprise and Industry” (DG ENTR) 
 
 09/2007 – 10/2008: Head of Unit “International and horizontal aspects of the Internal 
Market for Goods, Corporate Social Responsibility” – (DG ENTR) 
 
 11/2004 – 08/2007: Member of Cabinet of the Vice-President Verheugen (Enterprise and 
Industry) 
 
 05/2004 – 10/2004: Member of Cabinet of the Commissioner Balázs (Regional Policy) 
 
 09/1999 – 04/2004: Member of Cabinet of the Commissioner Vitorino (Justice and Home 
Affairs) 
 
 09/1998 – 08/1999/ Member of Cabinet of the Commissioner Wulf-Mathies (Regional Policy) 
 
 05/1997 – 08/1998: Legal Officer/Seconded National Expert – Directorate-General 
“Regional Policy” (DG REGIO) 
 
 05/1996 – 04/1997: Legal Officer/Seconded National Expert – Directorate-General 
“Competition” (DG COMP) 
 
Professional 
experience before 
joining the 
European 
Institutions 
 10/1995 – 04/1996: United Kingdom Department of Industry and Trade 
6-month secondment to the European Affairs Department 
 
 05/1993 – 04/1996: German Federal Ministry for Economic Affairs  – Department for 
European Affairs: Legal Officer 
 
 1989 – 1990: University of Münster – Faculty of Law: Assistant lecturer 
 
 1989 – 1993: Law firm Alpmann and Schmidt Münster: Legal Employee 
Language Skills  German (mother tongue) 
 English 
 French 
 ",https://commission.europa.eu/document/download/fc515870-9267-472b-8bf3-6d9584a1f967_en?filename=cv-alexandra-jour-schroeder_en.pdf
Ilze Juhansone,Secretary-General,Secretariat-General," 
 
Ilze JUHANSONE 
 
Nationality: 
 
Latvian 
Academic 
qualifications: 
 2014 – Certificate European Institute of Public Administration (EIPA) – Decision 
making process, Trialogues 
 
 1999 - 2005: Master's degree in Law, Faculty of Law, University of Latvia 
 
 1998 – Certificate Danish School of Public Administration – EU institutional 
setup, National policies within the EU, Asylum policy, International negotiations  
 
 1989 - 1994: Master's degree in Philology, Faculty of Philology, University of 
Latvia 
 
Professional 
experience in the 
European 
Institutions: 
 As from 14 January 2020: Secretary-General 
 
 16 /11/2015 – 14/01/2020: Deputy Secretary-General in charge of Relations 
with other Institutions (Directorate F) and the Protocol Service (SG.DSG3) 
 
 01/08/2019 – 14/01/2020: Acting Secretary-General 
 
Professional 
experience before 
joining the 
European 
Institutions: 
 2011 – 2015: Ambassador, Permanent Representative, Permanent 
Representation of Latvia to European Union, Brussels, Belgium 
 
 2008 – 2011: Director General EU Affairs, Ministry of Foreign Affairs of The 
Republic of Latvia 
 
 2004 – 2008: Deputy State Secretary, Ministry of Justice of the Republic of 
Latvia 
 
 2003 – 2004: Counsellor, Permanent Representation of Latvia to European 
Union, Brussels, Belgium 
 
 2002 – 2003: Deputy Head of Legal Division, The Office of Citizenship and 
Migration Affairs, Riga, Latvia 
 
 1998 – 2001: Deputy Head of Refugee Affairs Centre, The Office of Citizenship 
and Migration Affairs, Riga, Latvia 
 
 1992 – 1998: Deputy Director, Riga Vocational School, Riga, Latvia 
 
Language Skills:  Latvian, (Mother tongue) 
 
 English 
 French 
 Russian 
 
 ",https://commission.europa.eu/document/download/c540cdab-e3f5-4b0f-a11f-f146ee933e74_en?filename=cv-juhansone_en.pdf
Ditte Juul Jørgensen,Director-General,Directorate-General for Energy,"Ditte JUUL JØRGENSEN 
Nationality  Danish
Academic qualifications  9/1990 – 6/1991: Advanced European Legal Studies – College of
Europe – Bruges, Belgium
 9/1985 – 1/1990: Law Degree (Cand.jur.) – University of
Copenhagen, Copenhagen, Denmark
Professional experience in the 
European Institutions 
Since 1 August 2019: Director-General – Directorate-General “Energy” 
(DG ENER) 
 11/2014 – 7/2019: Head of Cabinet – Commissioner Vestager
 12/2012 – 11/2014: Director ""Legal Affairs and Trade in Goods"" –
Directorate-General TRADE
 3/2011 – 12/2012: Acting Director (Ad Interim) Directorate ""Legal
Affairs and Trade in Goods""
 2/2010 – 11/2012: Head of Unit  ""Legal Aspects of Trade Policy"" – DG
TRADE
 7/2007 – 2/2010: Head of Unit  "" Sustainable Development and SPS
Issues"" – DG TRADE
 8/2006 – 7/2007: Desk Officer ""Trade Relations with South Asia,
Korea and ASEAN"" – DG TRADE
 8/2002 – 8/2006: Economic Counsellor – Head of Economic
Section – Delegation to the United Nations, New York
 7/1995 – 8/2002: Desk Officer ""Multilateral Commercial Policies, WTO
Questions"" – DG TRADE
 9/1992 – 7/1995: Case handler – ""Anti-trust: Chemical products, food
and agriculture"" – Directorate-General ""Competition"" – DG COMP
 2/1992 – 9/1992: Legal Researcher ""Recherche et documentation” –
Court of Justice
 7/1991 – 1/1992: Consultant  – European Social Fund,  Directorate-
General ""Employment, Social Affairs and Inclusion"" – DG EMPL
 1/1989 – 1/1990: Stagiaire – Secretariat-General
Language Skills  Danish (mother tongue)
 English, French, German
 Spanish, Swedish
",https://commission.europa.eu/document/download/394bb6b1-d1f1-4390-878c-f87f07ecbafa_en?filename=cv-juul-jorgensen_en.pdf
Agnieszka KAŹMIERCZAK,Director-General,Internal Audit Service," 
 
 
 
 
Agnieszka KAŹMIERCZAK 
 
 
 
Nationality 
 
Polish  
 
Academic qualifications ➢ 2009 Certified Government Auditing Professional, Institute of 
Internal Auditors 
 
➢ 2004 Certified Internal Auditor, Institute of Internal Auditors 
 
➢ 2000 – 2002 Doctoral Studies in Management, University of 
Warsaw, Poland 
 
➢ 1994 - 1996 Public Administration Management Diploma, 
National School of Public Administration, Warsaw, Poland 
 
➢ 1987 – 1993 Master of Arts, Applied Linguistics, University of 
Warsaw, Poland 
 
Professional experience in the 
European Institutions 
➢ Since 1 October 2023: Director-General – Internal Audit Service 
(IAS) 
 
➢ 04/2019 – 09/2023: Director-General, Euratom Supply Agency 
(ESA), Supply Agency of the European Atomic Energy Community 
 
➢ 06/2014 – 03/2019: Director for Shared Resources (MOVE/ENER) 
 
➢ 01/2007 – 05/2014: Director for Horizontal Affairs and Audit in 
Agencies (IAS) 
 
➢ 10/2005 – 12/2006: Principal Adviser (IAS) 
 
Professional experience before 
joining the European Institutions 
➢ 05/2003 – 09/2005: EU and Public Sector Services Director, 
Deloitte (Central and Eastern Europe) 
 
➢ 03/1998 – 04/2003: Deputy Director of EU Funds Department,  
and Director of Internal Audit Coordination Department, 
Ministry of Finance, Poland 
 
➢ 04/1996 – 02/1998: Head of Unit, Cabinet Office / Committee for 
European Integration, Poland 
 
➢ 1992 – 1996: Freelance translator and interpreter 
 
Language Skills Polish (mother tongue) 
➢ English 
➢ German 
➢ French 
➢ Russian 
 
 ",https://commission.europa.eu/document/download/db77d35d-2ce2-4bcb-8c7d-a716b26ee3a3_en?filename=cv-Agnieszka-Kazmierczak_en.pdf
Petr Klement,Director-General,European Anti-Fraud Office,,
Gert Jan Koopman,Director-General,Directorate-General for Enlargement and Eastern Neighbourhood," 
Gert Jan KOOPMAN 
 
Nationality: 
 
Dutch 
Academic qualifications:  Cum Laude degrees in Economics and Classics (Latin and Greek), 
University of Amsterdam. 
 
Professional experience 
in the European 
Institutions: 
 Since 02/2025: Director-General, Directorate-General Enlargement and 
Eastern Neighbourhood (ENEST) 
 
 01/2023 – 01/2025: Director-General, Directorate-General Neighbourhood 
and Enlargement Negotiations (NEAR) 
 
 08/2018 – 01/2023: Director-General, Directorate-General Budget (BUDG) 
 
 11/2010 - 07/2018: Deputy Director-General for State Aids, DG 
Competition (COMP) 
 
 05/2008 - 10/2010: Director for the Economic Service and Structural 
Reforms, and subsequently of the Directorate for Strategy and Policy Co-
ordination – Directorate-General Economic and Financial Affairs (ECFIN), 
Member of the Commission's Impact Assessment Board 
 
 11/2004 – 04/2008: Principal Advisor and Director for Industrial Policy 
and Economic Reforms, DG Enterprise and Industry, Member of the 
Commission's Impact Assessment Board. 
 
 05/2002 – 11/2004: Head of Cabinet to Vice President Neil Kinnock, 
responsible for Administrative Reform. 
 
 01/2000 – 04/2002: Deputy Head of Cabinet to Vice President Neil 
Kinnock, responsible for Administrative Reform. 
 
 01/1995 – 12/1999: Member of Cabinet to Commissioner Neil Kinnock, 
responsible for Transport. 
 
 05/1991 – 12/1994: Administrator in DG Economic and Financial Affairs 
(ECFIN), responsible for the evaluation of transport, energy and 
environment policies. 
 
Professional experience 
before joining the 
European Institutions: 
 05/1987: Member of the CPB Netherlands Bureau for Economic Policy 
Advice. 
 
 05/1986: Lecturer of Economics at the University of Utrecht. 
 
Language Skills:  Dutch (mother tongue) 
 English 
 French 
 ",https://commission.europa.eu/document/download/fae89132-d222-44f7-b768-0298c5b1b383_en?filename=cv-gert-jan-koopman_en.pdf
Magda Kopczyńska,Director-General,Directorate-General for Mobility and Transport,"Magda KOPCZYŃSKA 
Nationality Polish 
Academic qualifications  1998 - 1999 Diploma in Post-graduate studies in Public 
Relations, Warsaw University, Institute of Applied Social Science, 
Warsaw, Poland 
 1988 – 1995 Master of Arts, English Studies, Jagiellonian University,
Krakow, Poland
Professional experience 
in the European 
Institutions 
 Since 01/08/2023: Director General – Directorate-General
Mobility and Transport (DG MOVE)
 01 – 07/2023: Deputy Director-General – Directorate-General
Agriculture and Rural Development (DG AGRI)
 10/2016 – 12/2022: Director for Waterborne (DG MOVE)
 05/2014 – 10/2016: Director for Innovative and Sustainable
Transport (DG MOVE)
 07/2011 – 04/2014: Head of Unit for Maritime Transport and
Logistics (DG MOVE)
 05/2009 – 06/2011: Head of Unit for Clean Transport and
Sustainable Urban Mobility (DG MOVE)
 12/2006 – 04/2009: Policy Officer for Skills, Services, Professions
(DG MARKT)
Professional experience 
before joining the 
European Institutions 
 12/2003 – 12/2006: Director of Brussels Office; Permanent
Delegate of PKPP Lewiatan to BusinessEurope, Polish
Confederation of Private Employers
 02/2003 – 12/2003: Program Coordinator, Intergracja
 01/2000 – 01/2003: Head of Cabinet of the Mayor; Chief of Staff ,
Warsaw City Hall
 03/2000 – 12/2000: Director of the Department of Promotion of
Warsaw, Warsaw City Hall
 08/1999 – 03/2000: Deputy Director of the Office of the Mayor  at
the level of Deputy Department Director, Warsaw City Hall
 03/1998 – 08/1999: PR and Investor Relations Specialist , PR
Company, 2nd National Investment Fund
 07/1997 – 09/1997: Media Production Assistant  during National
Parliamentary Elections (Unia wolnosci)
 10/1995 – 05/1997: Interpreter/translator of the US Ambassador in
Poland, Embassy of the USA in Warsaw
Language Skills Polish (mother tongue) 
 English
 French
 Spanish
",https://commission.europa.eu/document/download/193e7f84-3528-450f-ba45-5376480f8380_en?filename=cv-magda-kopczynska_en.pdf
Mariana Kotzeva,Director-General,Eurostat," 
 
 
 
 
 
 
 
 
Mariana Mihaylova KOTZEVA 
Nationality Bulgarian 
Academic 
qualifications 
 September 1993 - December 1995:  
Ph.D. in Economics, Class 05.02.06: Statistics and Demography 
University of National and World Economy, Sofia, Bulgaria 
 September 1992 - September 1993: 
Master of Arts in Economics 
University of the State of New York and Central European University Prague 
 September 1985 - June 1990: 
M.A. in Economics, Specialization Statistics 
University of National and World Economy, Sofia, Bulgaria 
Professional 
experience in the 
European Institutions 
 March 2018 to date:  Director-General, Eurostat 
 
 January 2017 – February 2018: Acting Director-General, Eurostat 
 
 July 2014 – February 2018: Deputy Director-General, Eurostat 
 
 January 2014 - April 2015: Acting Director of Directorate B, ""Methodology, 
corporate statistical and IT services"", Eurostat 
 
 April 2012 to June 2014: Adviser Hors Classe, Eurostat 
Professional 
experience before 
joining the European 
Institutions 
 January 2008 – March 2012: 
National Statistical Institute of Bulgaria, President 
 May 2007 - January 2008: 
National Statistical Institute of Bulgaria, Secretary General responsible for 
European Affairs 
 March 2003 to date: 
University of National and World Economy, Associate Professor, departme nt 
of Statistics and Econometrics 
 May 1998 - June 2002: 
Central European University-Budapest, Visiting Professor, department of 
Econometrics 
 October 1991 – August 1992:  
National Statistical Institute of Bulgaria, Expert on financial statistics 
 
Other professional 
activities 
 April 2006 - January 2007: 
Administration of the President of The Republic of Bulgaria, Senior 
Consultant on the  Third Annual Economic Report of the President of the 
Republic of Bulgaria - “Bulgaria: Social Challenges and European Integration” 
 April 2003 - April 2005: 
Ministry of Labour and Social Policy of Bulgaria, Senior National Consultant 
on Poverty Monitoring, Evaluation and  Policy Design 
 November 2004 - November 2005: 
The United Nations Development Programme, Consultant on Enhancing 
Labour Market Access and Increasing Employment for Roma Communities in 
Bulgaria 
 October 2003 - April 2004: 
Ministry of Labour and Employment (MLE) of the Republic of Serbia, Senior 
International Consultant on National Employment Strategy 
Language Skills  Bulgarian (mother tongue) 
 
 English 
 French 
 Russian 
 
",https://commission.europa.eu/document/download/96bb05a3-22ea-44db-b389-8a669325f9b8_en?filename=cv-mariana-kotzeva_en.pdf
Clemens Ladenburger,Deputy Director-General,Legal service," 
 
Clemens LADENBURGER 
 
Nationality 
 
German 
Academic 
qualifications 
 1999: Doctor iur., - University of Heidelberg with “summa cum laude” 
 1995: Second State Exam in Law (Freiburg i.Br.) 
 1993: Master of Laws (LL.M.) with “high honors” – University of Chicago 
 1992: First State Exam in Law – University of Freiburg i. Br. 
 1987 – 1992: Studies of Law in Freiburg i. Br. and Geneva 
 
Professional 
experience in the 
European Institutions 
 Since March 2022: Deputy Director -General in charge of Quality of 
Legislation (direction K), Infringements and Information - Legal Service (SJ) 
 
 11/2017 – 02/2022: Principal Legal Adviser (Director) leading the Team 
“Justice, Freedom and Security, Private Law, Criminal Law” – Legal Service (SJ) 
 
 04/2017 – 10/2017: Principal Adviser for Migration and Strategic Horizontal 
Matters – (SJ) 
 
 10/2012 – 03/2017: Legal Adviser  serving as Assistant to the Director -General 
– (SJ) 
 
 07/2013 – 03/2014: on ad personam appointment by President Barroso, 
serving as  Secretary to the high -level “Expert Group on Debt Redemption 
Fund and Eurobills” – Head of an ad hoc secretariat staffed by ECFIN and 
SG. 
 
 03/2008 – 10/2012: Member of the Commission’s Legal Service  serving as 
Assistant to the Director-General – (SJ) 
 
 09/2003 – 02/2008: Member of the Commission’s Legal Service, team 
“Institutions” – (SJ) 
 
 03/2002 – 08/2003: Rédacteur in the inter -institutional Secretariat of the 
“European Convention”, on secondment by the Commission 
 
 11/1999 – 02/2002: Member of the Com mission’s Legal Service, teams 
“Employment and Social Affairs, Justice and Home Affairs” and (since February 
2000) “Institutions” 
 
 09/1998 – 10/1999: Member of the Cabinet of Mr Jürgen Trumpf, Secretary -
General of the Council, responsible for Justice and H omme Affairs and for 
certain institutional matters 
 
Professional 
experience before 
joining the European 
Institutions 
 04/1998 – 08/1998: Official, German Federal Ministry of Justice, constitutional 
department 
 
 01/1996 – 02/1998: Academic assistant, University of Heidelberg 
 
 1993 – 1995: “Rechtsreferendariat”  (Legal assistant cycle), Freiburg District 
Court 
 
Language Skills  German (mother tongue) 
 
 English – French - Spanish 
 Dutch 
 
 ",https://commission.europa.eu/document/download/62a4bdea-444b-41d9-9b71-244963f62a6b_en?filename=cv-clemens-ladenburger_en.pdf
Pascal Leardini,Deputy Secretary-General,Secretariat-General,,
Marc Lemaître,Director-General,Directorate-General for Research and Innovation," 
Mr Marc Lemaître, Director-General for Research and Innovation (RTD). 
Marc Lemaître studied at Université Libre de Bruxelles (ULB) and Bruges (College of 
Europe) and holds a Master in European Economics. He  brings 25  years of profound 
experience in European Affairs, both in the European Commission and in the diplomatic 
service of Luxembourg.  
Between 1996 and 2006, he worked in the Permanent Representation of Luxembourg to the 
European Union, dealing with budgetary, trade and general affairs issues.  
He joined the Commission in 2007 as Head of the private office of Regional Policy 
Commissioner, Danuta Hübner, and then her successor, Paweł Samecki.  
Between 2010 and 2013, he led the private office of Budget Commis sioner Janusz 
Lewandowski.  
Between 2013 and 2016, he managed, as Director, the Office for Administration and Payment 
of individual entitlements (PMO). 
Between 2016 and January 2023, he  was Director-General for Regional and Urban Policy  
(REGIO). 
Since February 2023 he is Director-General for Research and Innovation (RTD). 
",https://commission.europa.eu/document/download/7c581177-076a-431a-8632-e120aa5f4080_en?filename=2023%20CV%20narratif%20EN%20with%20picture.pdf
Guillaume Loriot,Deputy Director-General,Directorate-General for Competition," 
 
Guillaume LORIOT 
 
Nationality 
 
French 
Academic qualifications  01/1993 – 12/1993: Admitted to the Bar  – Paris Bar School (EFB)  – Paris, 
France 
 
 09/1991 – 06-1992: Master of European Law  – College of Europe, Bruges, 
Belgium 
 
 09/1990 – 07/1991: LLM – Master of Law – University College London, 
United Kingdom 
 
 1987 – 1991: Maitrise en droit – affaires et fiscalité  – Université Paris II – 
Assas, France 
 
Professional 
experience in the 
European Institutions 
 Since 16 May 2021: Deputy Director -General “Mergers” – Directorate-
General Competition (DG COMP) 
 
 11/2014 – 05/2021: Director “Information, Communication and Media ” – 
DG COMP 
 
 02/2010 – 10/2014: Deputy Head of Cabinet of Vice -President J. Almunia, 
Commissioner for competition 
 
 11/2007 – 01/2010: Head of Unit “Antitrust and Merger Case 
Coordination” – DG COMP 
 
 11/2005 – 10/2007:  Deputy Head of Unit “Industry and Consumer Goods”  
– DG COMP 
 
 01/2002 – 10/2005: Administrator – Merger control, DG COMP 
 
 11/1996 – 12/2001: Référendaire – EU General Court – Cabinet of Judges A. 
Kalogeropoulos and M. Vilaras 
 
Professional 
experience before 
joining the European 
Institutions 
 03/1993 – 10/1996: Lawyer – Alliance of European Lawyers (Jeantet & Ass. – 
Paris Bar, Brussels Office) 
 
Conferences and 
publications 
 “The substantive assessment of mergers” – co-authored with A. Whelan and 
C. Bengtsson - in “EU Merger Control”, Claeys & Casteels, 2d ed. 2012 
 
 Frequent speaker at conferences and seminars on EU Competition Policy, 
most recently on Digital, media and telecom sectors, including events 
organised by International Bar Association, National competition authorities, 
Chambers of commerce, BEUC, sectoral associations (ECTA, GSMA, etc.) 
 
 Several articles  on EU case law developments (e.g. in CPN, Revue des 
Barreaux de France, Revue du marché commun) 
 
Language Skills  French (mother tongue) 
 
 English 
 
 ",https://commission.europa.eu/document/download/443690d9-f1a4-47c9-9db2-53bf9704f9f8_en?filename=cv-guillaume-loriot_en.pdf
Johannes Luchner,Deputy Director-General,Directorate-General for Migration and Home Affairs,,
Bernard Magenhann,Director-General,Joint Research Centre," 
 
 
 
 
 
 
 
 
 
 
 
 
 
 
 
Bernard MAGENHANN 
 
Nationality: 
 
 
French 
 
Academic qualifications: ➢ Expert Comptable 
➢ Commissaire aux Comptes 
➢ 1992: Diplôme d'Expertise Comptable (DEC) 
➢ 1988: Diplôme d'Etudes Supérieures Comptables et Financières (Master Degree) 
 
Professional experience in the 
European Institutions: 
➢ Since 01/07/2025: Director-General - Joint Research Centre (JRC) 
➢ 05/2020 – 06/2025: Deputy Director-General in charge of Directorates C, G, R 
in the Joint Research Centre (JRC) 
➢ 05/2024 – 06/2025: Acting Director-General – Joint Research Centre (JRC) 
➢ 09/2016 – 05/2020:  Deputy Director -General – Directorate-General ""Human 
Resources and Security"" (HR) 
➢ 02 - 03/2020: Acting Director -General – Directorate-General ""Human 
Resources and Security"" (HR) 
➢ 06/2013 – 08/2016: Director ""Resources Management and Optimisation "" – 
Directorate-General ""Informatics"" (DIGIT)  responsible among other of strategic 
advice to the Director-General, General coordination, Planning and Monitoring and 
process optimisation, Procurement office and management of resources. 
➢ 02/2011 – 06/2013: Head of Unit HR.03 – Internal Audit and Business Process 
Re-engineering – DG HR  main responsibilities among others: Internal Audit, 
Business Process Re-engineering (BPR) and Unit management. 
➢ 09/2007 – 01/2011: Head of Unit  – IAS. A2 – Regulatory Agencies - Internal 
Audit Service (IAS).  Responsible for the Internal Audit activities in the regulatory 
agencies and other community bodies, the European Data Protection Supervisor, 
and the European Schools; Unit management (team of 26 staff). 
➢ 08/2004 – 09/2007: Assistant to the Director -General and Resource Manager 
– IAS 
Advice and assistance to the Director -General, responsible for the relations with 
cabinet and other stakeholders, responsible for management of resources related 
issues in the IAS and Unit management. 
➢ 09/2002 – 07/2004: Administrator Internal Audit Service (IAS) 
Internal coordination of the preparatory work for the Audit Progress Committee and 
AuditNet, Development of a risk based audit strategy for the IAS, Internal quality 
reviewer, Team Leader responsible for the finalisation of the Action 87 of the 
Reform White Book of the Commission (2000) and Development and 
implementation of an integrated internal planning and monitoring tool. 
Professional experience before 
joining the European 
Institutions: 
➢ PRICEWATERHOUSECOOPERS 
➢ 09/1998 – 08/2002: Director and Member of the Board of Directors 
Management of the strategic development of the firm and responsible for the 
external audit activities of a portfolio of international companies 
➢ MAZARS 
➢ 11/1987 – 08/1998: Audit Director responsible for the external audit activities 
of a portfolio of international companies. 
Language Skills: ➢ French (mother tongue) 
➢ English, German, Spanish 
 
",https://commission.europa.eu/document/download/eeb98b3c-691c-40af-902c-4e4cba03d18a_en?filename=cv-Bernard-Magenhann_en.pdf
Eric Mamer,Director-General,Directorate-General for Environment,,
Maria Martin-Prat De Abreu,Deputy Director-General,Directorate-General for Trade and Economic Security," 
 
Maria MARTIN-PRAT DE ABREU 
 
Nationality 
 
Spanish 
Academic qualifications  09/1989 – 06/1991: Licence Spéciale en Droit Européen  - 
Institute of European Studies of the Free University of 
Brussels (ULB) - Brussels, Belgium 
 
 09/1986 – 06-1987: Diploma on European Integration  – 
European Institute of the University of Amsterdam – 
Amsterdam, Netherlands 
 
 09/1981 – 07/1986: Law Degree  – Facultad de Derecho, 
Universidad de Sevilla, Sevilla – Spain 
 
Professional experience in the 
European Institutions 
 Since 16/04/2021 : Deputy Director-General in charge of 
Directorates D and E  –  Directorate-General Trade (DG 
TRADE) 
 
 07/2020 - 04/2021: Director “Asia (I), Services and Digital 
Trade, Investment and Intellectual Property – DG TRADE 
 
 03/2017 – 07/2020: Director “Services, Investment, 
Intellectual Property and Public Procurement – DG TRADE 
 
 04/2011 – 03/2017: Head of Unit “Copyright” – Directorate-
General Communications Networks, Content and Technology 
(DG CNECT) 
 
 01/2007 – 03/2011: Hea d of Unit “Services” – former DG 
MARKT 
 
 11/2005 – 01/2007: Deputy Head of Unit “Services” – 
former DG MARKT 
 
 08/2004 – 11/2005:  Member of the Cabinet of Mr Joaquin 
ALMUNIA – Commissioner responsible for Economic and 
Monetary Affairs 
 
 01/1995 – 09/1999: Member of the unit “Media, 
Commercial Communications and Unfair Competition 
Unit” – former DG MARKT 
 
 12/1989 _ 06/1994: Legal Adviser – Spanish Socialist 
Delegation – European Parliament 
 
Professional experience outside the 
European Institutions 
 10/1999 – 07/2004:  Deputy General Counsel and Director 
of Legal Policy – International Federation of the 
Phonographic Industry – London – United Kingdom 
 
 
Language Skills  Spanish (mother tongue) 
 
 English - French 
 
 ",https://commission.europa.eu/document/download/14d55cc7-7143-488f-9982-fcfdeb94fe6e_en?filename=cv-maria-martin-prat-de-abreu_en.pdf
Linsey McCallum,Deputy Director-General,Directorate-General for Competition," 
 
Linsey McCALLUM 
 
Nationality 
 
➢ British - German 
Academic qualifications ➢ 1990 – 1991: Masters in EU Law – College of Europe, Bruges, Belgium 
 
➢ 1989 – 1990: Diploma in Legal Practice (part of professional 
qualification) 
University of Glasgow, Law School, United Kingdom 
 
➢ 1985 – 1989: LL.B First Class Honours in EU law  
University of Glasgow, Law School, United Kingdom 
 
Professional experience in the 
European Institutions 
➢ Since 1 October 2020 : Deputy Director-General with special 
responsibility for Anti -trust Directorate-General "" Competition"" (DG 
COMP) 
 
➢ 08/2025 – 04/2026: Acting Director -General, Directorate -General 
“Competition” (DG COMP) 
 
➢ 12/2019 – 09/2020: Expert of Cabinet  of Margrethe VESTAGER, 
Commissioner for Competition 
 
➢ 11/2014 to 11/2019: Deputy Head of Cabinet of Margrethe VESTAGER 
 
➢ 07/2013 – 10/2014: Director ""Information, Communication and Media"" – 
DG COMP 
 
➢ 03/2011 – 06/2013: Head of Unit ""Mergers"" – DG COMP 
Acting Director "" Information, Communication and Media"" 
 
➢ 04/2005 – 02/2011: Head of Unit  ""Anti-Trust Transport, Post and Other 
Services"" – DG COMP 
 
➢ 08/2001 – 03/2005: Assistant to the Director-General, responsible for 
Anti-Trust and Mergers - DG COMP 
 
➢ 09/1999 – 08/2001: Member of Cabinet of Vice-President KINNOCK 
 
➢ 1998 – 1999: Case Handler ""Legislation and Policy"" – DG COMP 
 
➢ 1995 – 1998: Case Handler ""Media"" – DG COMP 
 
➢ 1993 – 1995: Administrator – DG TRADE 
 
Professional experience before 
joining the European Institutions 
➢ 1992 – 1993: Associate Lawyer – Forrester, Norral & Sutton 
Competition and Trade law advice in Brussels-based ""boutique"" law firm 
 
Other professional activities ➢ Regular speaker at conferences 
 
 
Language Skills ➢ English (mother tongue) 
➢ French 
➢ German 
 
 ",https://commission.europa.eu/document/download/a6ea57a9-f8a1-442c-8c77-ebf089bb9053_en?filename=cv-linsey_mccallum_en.pdf
Irena Moozová,Deputy Director-General,Directorate-General for Justice and Consumers," 
 
 
 
 
 
 
 
 
 
Irena MOOZOVA 
Nationality 
 
Czechia 
 
Academic qualifications ➢ 09/1990 – 06/1991: Diploma, Diplomatic Academy of the 
Spanish Foreign Ministry, Madrid 
➢ 09/1980 – 06/1984: Doctor in Law, Charles University, Faculty 
of Law, Prague 
➢ 07 – 08/1992: International Summer Academy, Oxford 
University and Central European University, Prague 
Professional experience in the 
European Institutions 
➢ Since 01/10/2023: Deputy Director-General “International 
Dimension of Justice Policies, Rule of Law and Equality” – 
Directorate-General for Justice and Consumers (DG JUST) 
➢ 04/2017 – 09/2023: Director for Equality and Non-Discrimination 
from 01/03/2023: Director for Equality and Union Citizenship (DG 
JUST) 
➢ 05/2010 – 04/2017: Head of Unit for Support and Partnership (DG 
COMM) 
➢ 11/2006 – 05/2010: Head of the European Commission 
Representation in the Czech Republic (DG COMM) 
Professional experience before 
joining the European Institutions 
➢ 08/2004 – 08/2006: Permanent Delegate of the Czech Republic to 
United Nations Educational, Scientific and Cultural Organization 
(UNESCO), Paris 
➢ 09 - 11/2002: Coordinator for NATO Prague Summit, Ministry of 
Foreign Affairs of the Czech Republic, Prague 
➢ 09/2000 – 08/2004: Deputy Chief of Mission, Czech Delegation 
to the Organization for Security and Co-operation in Europe 
(OSCE), Vienna 
➢ 12/1998 – 08/2000: Deputy Director/Acting Director, Human 
Rights Department, Ministry of Foreign Affairs of the Czech 
Republic, Prague 
➢ 06/1995 – 11/1998: Deputy Ambassador, Embassy of the Czech 
Republic in Madrid 
➢ 01/1993 – 06/1995: Director of the Department of Administration 
(from 03/1993), Deputy Director of the General Secretariat of 
the Ministry of Foreign Affairs of the Czech Republic, Prague 
➢ 09 – 12/1992: Deputy Director of the General Secretariat of the 
Federal Ministry of Foreign Affairs of the CSFR, Prague 
➢ 09/1991 – 08/1992: Assistant of the Secretary General, Federal 
Ministry of Foreign Affairs of the CSFR, Prague 
➢ 06/1984 – 09/1990: Desk Officer, International Department of the 
Czechoslovak National Front, Czechoslovak Third World Solidarity 
Committee, Prague 
Language Skills Czech (mother tongue) 
➢ English 
➢ Spanish 
➢ French 
➢ Russian 
➢ Slovak 
 ",https://commission.europa.eu/document/download/4993dc37-dd87-42d9-92a7-7bb4cf158b23_en?filename=cv-irena-moozova_en.pdf
Valère Moutarlier,Deputy Director-General,"Directorate-General for Internal Market, Industry, Entrepreneurship and SMEs",,
Mario Nava,Director-General,"Directorate-General for Employment, Social Affairs and Inclusion"," 
Mario NAVA 
 
Nationality 
 
Italian 
Academic qualifications ➢ 07/2012: Leading with Impact, one -week residential management course - 
Harvard Business School 
➢ 09/1992 – 07/1996: PhD in Economics – London School of Economics 
➢ 09/1991 – 09/1992: Master of Arts in E conomics – Université Catholique 
de Louvain 
➢ 09/1985 – 09/1989: Undergraduate degree in Economics (Laurea summa 
cum laude) - Università Commerciale Luigi Bocconi, Milan 
➢ 09/1980- 07/1985: Gram mar High School, main subjects Latin, Greek, 
Italian. School leaving certificate (maturità classica) of 58/60  - Liceo 
Classico Tito Livio 
Professional experience in 
the European Institutions 
➢ Since 1 June  2024: Director -General – Directorate General 
“Employment, Social Affairs and Inclusion” (EMPL) 
➢ 06/2020 – 05/2024: Director-General – Directorate-General “Structural 
Reform Support” (REFORM) 
➢ 10/2018 – 05/2020: Director for Horizontal Policies – Directorate-General 
“Financial Stability, Financial Services and Capital Markets Union” 
(FISMA) 
➢ 05/2016 – 04/2018: Director for financial system surveillance and crisis 
management (DG FISMA) 
➢ 04/2011 – 04/2016: Director for Regulation and Prudential Supervision of 
Financial Institutions – Directorate-General “Internal Market and Services”  
(MARKT) 
➢ 11/2009 – 04/2011: Head of the Unit “Banking and Financial 
Conglomerates”, Commission's representative at BCBS, EBA – (MARKT) 
➢ 05/2004 -10/2009: Head of the U nit “Financial Market Infrastructure” – 
(MARKT) 
➢ 04/2001 – 04/2004: Member of GOPA: Group of Policy Advisers of the 
European Commission’s President (Prof. Romano Prodi) 
➢ 11/2000 – 04/2001: Member of Prof. Mario Monti’s cabinet (Commissioner 
for Competition Policy) 
➢ 09/1994 – 10/2000: Desk Officer at Directorate -General “Taxation and 
Customs Union” (TAXUD) and Directorate-General “Budget” (BUDG) 
Professional experience 
outside the European 
Institutions 
➢ 04/2018 – 09/2018 : President of Consob (Italian Financial Market 
Authority) detached in the interest of service from the EU Commission, 
member of FSB, European Security Market Authority (ESMA), 
International Organization of Security Commissions (IOSCO) 
➢ 09/1989 – 09/1991 : Desk officer at Banca Commerciale Italiana, Milan 
Language Skills: ➢ Italian  (mother tongue) 
➢ English, French, Spanish 
➢ German, Russian (basic knowledge) 
Extracurricular activities ➢ Long time football player and coach, long distance swimmer, family and 
friends. 
 
",https://commission.europa.eu/document/download/d43604fc-ea1f-4cfd-86ee-c32d4e491eee_en?filename=cv-mario-nava_en_0.pdf
Renate Nikolay,Deputy Director-General,"Directorate-General for Communications Networks, Content and Technology"," 
 
Renate NIKOLAY 
Nationality 
 
German 
 
Academic qualifications  06/1995 – 06/1997: Second Legal State Examination with 
honors, High Court, Berlin, Germany 
 
 08/1994 – 05/1995: Master of Laws L.L.M with honors, American 
University, Washington College of Law, Washington D.C, United 
States 
 
 10/1991 – 04/1994: First Legal State Examination with honors, 
Free University, Berlin, Germany 
 
 08/1990 – 08/1991: Diplome de Droit Français with honors, 
University of Grenoble, France 
 
Professional experience 
in the European 
Institutions 
 Since 12/2022: Deputy Director-General – Directorate-General 
Communications Networks, Content and Technology (DG 
CNECT) 
 
 12/2019 – 11/2022: Head of Cabinet of Vice-President Jourova 
(portfolio: Values and Transparency) 
 
 11/2014 – 11/2019: Head of Cabinet of Commissioner Jourova 
(portfolio: Justice, Consumers and Gender Equality) 
 
 09/2011 – 10/2014: Head of Unit for interinstitutional, international 
coordination (DG JUST) 
 
 12/2009 – 08/2011: Advisor to High Representative / Vice 
President Cathy Ashton (portfolio: Foreign Affairs and Security 
Policy) 
 
 11/2004 – 11/2009: Member of Cabinet of Commissioners Peter 
Mandelson / Cathy Ashton (portfolio: Trade) 
 
 11/2003 – 11/2004: Administrator for Multilateral affairs and WTO 
(DG TRADE) 
 
Professional experience 
before joining the 
European Institutions 
 03/2002 – 10/2003: Councellor, German Permanent 
Representation in Brussels, Belgium (portfolio: trade policy, 
transatlantic relations) 
 
 01/1998 – 02/2002: Desk Officer on transatlantic relations, Private 
Secretary to G7 Sherpa and State Secretary, German Ministry of 
Economics in Berlin, Germany 
 
 07/1997 – 12/1997: Associate: Cleary, Gottlieb, Steen & Hamilton; 
Brussels, Belgium 
 
 07/1995 – 06/1997: Research Assistant, Humboldt University 
Berlin, Germany 
 
Language Skills German (mother tongue) 
 English 
 French 
 Spanish ",https://commission.europa.eu/document/download/88abbcf0-c5f2-4858-80a2-434a6443628c_en?filename=cv-renate-nikolay_en.pdf
Stefan Olsson,Deputy Director-General,"Directorate-General for Employment, Social Affairs and Inclusion"," 
 
  
  
Stefan OLSSON 
Nationality Swedish 
Academic qualifications  1989 – 1994 Master of Law, University of Lund, Sweden 
 
 1988 – 1989 Economics, Stockholm Business School, Sweden 
 
Professional experience 
in the European 
Institutions 
 09/2022- Deputy-Director General, Directorate-General 
Employment, Social Affairs and Inclusion (DG EMPL) 
 
 07/2021 – 09/2022 Director for Working Conditions and Social 
Dialogue (DGEMPL) 
 
 10/2015 - 06/2021 Director for Employment (DG EMPL) 
 
 06/2014 - 10/2015 Head of Unit for Social Policies (DG EMPL) 
 
 06/2012 - 05/2014 Head of Unit for Head of Unit HR, IT and CAD 
(DG MARE) 
 
 01/2011 – 05/2012 Adviser (DG EMPL/DGMARE) 
 
 04/2009 - 12/2010 Head of Unit for Anti-discrimination law (DG 
EMPL) 
 
 01/2006 - 03/2009 Head of Unit for Anti-discrimination policy (DG 
EMPL) 
 
 01/2001 - 12/2005 Assistant to the Director-General (DG EMPL) 
 
 11/1999 - 12/2000 Administrator in the International Unit (DG ENV) 
 
 02/1996 - 10/1999 Administrator the Equal Opportunities and Social 
Dialogue Units (DG EMPL) 
 
Professional experience 
before joining the 
European Institutions 
 01/1995 - 02/1996 Assistant Judge, Landskrona District Court, 
Sweden 
Language Skills Swedish (mother tongue) 
 
 English 
 French 
 Dutch  
 German 
 
 ",https://commission.europa.eu/document/download/88949bcb-7c0e-4fd3-acd0-6ebfaf689227_en?filename=cv-stefan-olsson_en.pdf
Olivier Onidi,Deputy Director-General,Directorate-General for Migration and Home Affairs," 
 
Olivier ONIDI 
Nationality: 
 
French 
 
Academic qualifications: 
 1991: Master of Science in International Political Economy  - The London School of 
Economics and Political Science – London 
 
 1990: European Administrative Studies - College of Europe – Bruges 
 1989: B.A. in Business Administration (major in International Business) - Compiègne, 
France 
 1986: Classe préparatoire aux grandes écoles, section HEC - Lycée Faidherbe - Lille, 
France.  
Professional experience in the 
European Institutions: 
 As from 1st December 2016: Deputy Director-General for security - DG Migration and 
Home Affairs (HOME) 
 
 05/2016 – 11/2016: Deputy Director-General for migration - DG Migration and Home 
Affairs (HOME) 
 06/2012 – 05/2016: Director respectively ""Innovative and sustainable Mobility"" and 
""European mobility Networks"" – Main files steered: deployment of the TEN -T network, 
management of CEF and H2020 funds including EFSI, completion of the Single Rail 
Area, roa d and rail safety.  Acting Director respectively for the Shared Resource 
Directorate, P olicy Coordination and Aviation – Directorate-General Mobility and 
Transport (MOVE) 
 02/2010 – 05/2012:  Deputy Head of Cabinet of Commissioner Günther Oettinger  – 
Overall coordination of energy policy. Non -Portfolio issues included: economic and 
monetary affairs, resources, climate change, environment, transport 
 11/2004 – 02/2010: Head of unit respectively ""Internal Market, Air Transport 
Agreements"" and ""Air Safety and En vironment"" – Directorate-General for Energy and 
Transport 
 02/2002 – 04/2005: Head of Unit ""Satellite Navigation Systems (GALILEO/EGNOS) – 
Directorate General for Energy and Transport. 
 11/1999 – 02/2002: Assistant to the Director -General, Mr François Lamoureux – 
Directorate-General for Energy and Transport – Principal areas overseen: merger of 
the Transport and Energy DGs, security of energy supply, research activities and 
Trans-European Networks, nuclear energy, air transport and the energy partnershi ps 
with Russia and the United States 
 10/1998 – 10/1999: Assistant to the Deputy Director -General in charge of 
Enlargement and the New Independent States, Mr François Lamoureux  – Directorate 
for External Relations – Mains tasks included the oversight of the pre -accession 
activities, nuclear safety programmes, the special aid package to the NIS, the launch 
of a financial assistance programme to Kosovo (including the setting -up of  the 
Reconstruction Agency 
 09/1997 – 09/1998: Assistant to the Secretary General, Mr Carlo Trojan  
Key tasks: preparation of the Agenda 2000, coordination of the preparation of the 
European Council and of the implementation of the Commission's agenda of internal 
reforms 
 06/1996 – 08/1997: Cabinet of the Commissioner responsible for Research & 
Development, Innovation, Education and Training, Mrs Edith Cresson  – Member of 
the cabinet responsible for education and training, economic and monetary affair",https://commission.europa.eu/document/download/93df1000-4c11-489a-861a-1cba494addaa_en?filename=cv-olivier-onidi_en.pdf
Timo Pesonen,Director-General,Directorate-General for Defence Industry and Space,"TIMO PESONEN
Timo Pesonen is the current Director-General of DG 
Defence Industry and Space in the European Commission. 
After graduating in 1989 in International Politics from the University of Tampere, he 
stayed in his home country to serve at the Ministry for Foreign Affairs. He then left for 
Brussels and the Embassy of Finland, where he worked with Foreign and Security policy.
The year 1995 marked his appointment to European Commission where he worked 
with foreign policy and as the spokesman for Commissioner Erkki Liikanen, 
1996-1997.
From 1997 to 2002, he served as Foreign Policy Adviser to the Prime Minister of 
Finland, Paavo Lipponen. He also undertook an advisory mission during the Kosovo 
peace negotiations for the President of Finland, Martti Ahtisaari.
He acted as Head of Cabinet of Vice-President Olli Rehn for 10 years, 2004-2014. He 
became Deputy Director-General of DG Communication in 2014 and Director-
General the following year. Taking the helm of DG Internal Market, Industry, 
Entrepreneurship and SMEs in March 2019, he accompanied the creation of DG 
Defence Industry and Space in 2020 as the head of the new Directorate-General.
In addition to his native Finnish, Timo Pesonen speaks English, Swedish and French.
@TimoPesonen1
@defis_eu
CV
",https://commission.europa.eu/document/download/22529b97-936f-44c6-be8e-603a3395a7af_en?filename=cv-timo-pesonen_en_0.pdf
Normunds Popens,Deputy Director-General,"Directorate-General for Education, Youth, Sport and Culture"," 
 
Normunds POPENS 
 
Nationality: 
 
Latvian 
Academic qualifications: ➢ 1999 – 2001: Master of Social Sciences – Faculty of Economics, 
University of Latvia 
➢ 1993 – 1994: Specialist in International Relations – Institute of 
International Relations, University of Latvia 
➢ 1984 – 1989: Engineer -Chemist, diploma of MA equivalent – Riga 
Technical University 
 
Professional experience in 
the European Institutions: 
➢ Since 16/01/2024: Deputy Director -General, Directorate -General 
Education, Youth, Sport and Culture (EAC) 
➢ 03/2011 – 01/2024: Deputy Director-General for Implementation , 
Directorate-General Regional and Urban Policy (REGIO) 
➢ 02 - 09/2023: Acting Direc tor-General, Directorate-General 
Regional and Urban Policy (REGIO) 
 
Professional experience 
before joining the 
European Institutions: 
➢ 08/2007 – 02/2011: Ambassador Extraordinary and Plenipotentiary – 
Permanent Representative of Latvia to the EU – Ministry of Foreign 
Affairs of Latvia (MFA) 
➢ 08/2006 –08/2007: Undersecretary of State for EU Affairs (MFA) 
➢ 01/2005 – 08/2006: Director of EU Department (MFA) 
➢ 08/2004 – 01/2005: Director of First Bilateral (Europe) Department 
(MFA) 
➢ 07/2000 – 08/2004, 01/2004 – 10/2004: Ambassador Extraordinary and 
Plenipotentiary to the Kingdom of Norway/Republic of Iceland (MFA) 
➢ 01/1998 – 07/2000: Head of Division/Deputy Director of the Department 
of Foreign Economic Relations (MFA) 
➢ 09/1994 – 01/2008: Trade Attache/Second Secretary at the Latvian 
Embassy in the USA (MFA) 
➢ 01/1994 – 09/1994: Desk Officer, Americas and Australia Division (MFA) 
➢ 09/1992 – 08/1993: Teacher, Olaine Secondary School 
➢ 07/1987 – 01/1994: Junior Researcher, Institute of Microbiology, Latvian 
Academy of Sciences 
 
Language Skills: ➢ Latvian (mother tongue) 
➢ English 
➢ French 
➢ Russian 
➢ Norwegian 
 
 ",https://commission.europa.eu/document/download/b06c56f1-dd6e-40bd-91c9-1c0d2da84424_en?filename=cv-normunds-popens_en.pdf
Maciej Popowski,Director-General,Directorate-General for European Civil Protection and Humanitarian Aid Operations (ECHO)," 
 
Maciej POPOWSKI 
Nationality: 
 
Polish 
 
Academic 
qualifications: 
 10/1983 – 06/1988: MA degree in German and Dutch language and literature  
University of Wroclaw - Wroclaw, Poland 
 
 12/1991 - 05/1992: Diplomatic Training Course  
Aus- und Fortbildungsstätte des Auswärtigen Amtes, Bonn 
 
 03/1991 – 06/1991: Postgraduate Foreign Service Training 
Polish Institute for International Relations (PISM) - Warsaw, Poland 
 
 10/1989 – 02/1990: DAAD scholarship 
German Faculty of the University of Siegen 
  
Professional experience 
in the European 
Institutions: 
 Since 1 March 2023: Director-General – Directorate General European Civil Protection 
and Humanitarian Aid Operations (DG ECHO) 
 
 04/2016 – 02/2023: Deputy Director-General – Directorate General Neighbourhood and 
Enlargement Negotiations (DG NEAR) 
 
 09/2020 – 01/2023: Acting Director-General (DG NEAR) 
 
 01/2011 – 11/2015: Deputy Secretary-General - European External Action Service 
(EEAS) - Responsible for Common Security and Defence Policy, security policy and conflict 
prevention, development policy, human rights and democracy, relations with European 
Parliament. Additional responsibilities: member of the Board of Governors of the European 
Endowment for Democracy, chair of the Tasking Committee of the European Satellite 
Centre, chair of the international Contact Group on Piracy off the Coast of Somalia (2014-
2015), chief negotiator of the institutional framework EU-Switzerland. 
 
 09/2009 – 01/2011: Head of Cabinet of European Parliament President Jerzy Buzek  
 
 01/2008 – 08/2009: Director – former Directorate-General DEV 
Responsible for policy coherence, aid effectiveness, aid financing, relations with other 
donors, public communication. 
 
Professional experience 
before joining the 
European Institutions: 
 04/2003 – 1/2008: Ambassador - Permanent Representation of the Republic of Poland to 
the EU, Brussels, Representative of Poland to the Political and Security Committee (PSC) 
 
 09/2001 – 01/2008: Minister Plenipotentiary (until 04/2003), Deputy Head of Mission 
Permanent Representation of the Republic of Poland to the EU, Brussels 
 
 09/1999 – 09/2001: Deputy Director, Director of the EU department, MFA 
Ministry of Foreign Affairs, Poland 
 
 12/1993 – 09/1999: Second Secretary, First Secretary, Counsellor 
Representation of Poland to the EU, Brussels 
 
 06/1992 – 08/1992: Diplomatic trainee 
Embassy of the Republic of Poland, The Hague 
 
 03/1991 – 12/1993: Junior diplomat 
Ministry of Foreign Affairs, Poland 
 
 02/1988 – 02/1991: Assistant teacher 
University of Wroclaw, Poland 
Other professional 
activities: 
 Selected publications: 
 Co-operation between Poland and the European Union within the Framework of the 
Third Pillar of the Treaty on European Union, in: R.Bieber, J.Monar (Ed.), Justice and 
Home Affairs in the EU. The Development of the Third Pillar, The Bruges Conferences, 
Brussels 1995. 
 Kinderen van de fluwelen rev",https://commission.europa.eu/document/download/172d8357-eadb-4598-9453-e6bf4f0919e4_en?filename=cv-maciej-popowski_en.pdf
Stephen Quest,Director-General,Directorate-General for Human Resources and Security," 
 
Stephen QUEST 
 
Nationality: 
 
French and British 
 
Academic qualifications: ➢ 09/1983 – 06/1986 BA (Hons) 2.1 in History 
University of York - United Kingdom 
 
Professional experience in 
the European Institutions: ➢ Since 01/05/2024: Director-General of the Directorate-General for 
Human Resources and Security (HR) 
➢ 05/2020 – 05/2024: Director-General of the ""Joint Research Centre"" 
(JRC) 
➢ 01/2016 – 04/2020: Director-General of the Directorate-General for 
Taxation and Customs Union (TAXUD) 
➢ 03/2013 – 12/2015: Director-General of the Directorate-General for 
Informatics (DIGIT) 
➢ 04/2010 – 02/2013: Director of the Office for the Administration and 
Payment of Individual Entitlements (PMO) 
➢ 04/2004 – 03/2010: Head of Cabinet, Commissioner for Financial 
Programming and Budget 
➢ 06/2000 – 04/2004: Assistant to the Secretary General of the 
Commission 
➢ 09/1999 – 06/2000: Member of Cabinet, Commissioner for the 
Environment 
➢ 05/1999 – 09/1999:  Assistant to the Head of President-designate 
Prodi's transition team 
➢ 03/1999 – 05/1999: Assistant to the Director-General, DG XXII 
(Education and Training) 
➢ 01/1995 – 02/1999: Member of Cabinet, Commissioner for 
Employment & Social Affairs 
➢ 09/1993 – 12/1994: Administrator, DG V (Employment and Social 
Affairs) 
Professional experience 
before joining the 
European Institutions: 
➢ 06/1987 – 09/1993: Administrator, then Head of Unit, UK Department 
of Employment 
Language Skills: ➢ English 
➢ French 
 ",https://commission.europa.eu/document/download/407fccfa-b23f-4447-afcd-5c264d1a8edf_en?filename=cv-stephen-quest_en.pdf
Denis Redonnet,Deputy Director-General,Directorate-General for Trade and Economic Security," 
 
Denis REDONNET 
 
Nationality 
 
 French 
Academic qualifications  1992-1993 - College of Europe, Bruges, (Economics) 
 
 1991-1992 - Masters’ degree in international economics and 
finance, University Paris IX Dauphine 
 
 1988-1991 - Institut d'Études Politiques de Paris 
 
Professional experience in 
the European Institutions 
 Since 1 August 2020: Deputy Director-General – Chief Trade 
Enforcement Officer (in charge of Directorates F and G) - 
Directorate-General TRADE 
 
 06/2015 – 07/2020: Director WTO, Legal Affairs and Trade in 
Goods, DG TRADE 
 
 12/2007-01/2012: Head of Unit, ""WTO/Multilateral trade"", DG 
TRADE 
 
 11/2004 – 12/2007: Deputy Head of Cabinet to Peter Mandelson, 
EU trade Commissioner 
 
 09/2002 – 11/2007: Member of Cabinet to Pascal Lamy, EU trade 
Commissioner 
 
 12/1998 – 09/2002: Directorate General for Economic Affairs  (DG 
ECFIN) (International Affairs Directorate / Enlargement): Desk 
Officer for Poland, responsible for EMU and Enlargement issues, 
including accession negotiations. Russia's financial crisis task force 
 
 On Mission 07/1999 – 09/1999: Kosovo, United Nations Interim 
Administration, post conflict reconstruction 
 
 11/1997 – 12/1998: DG ECFIN (Monetary Affairs Directorate / 
External aspects  of EMU): Desk Officer responsible for issues 
relating to the exchange rate policy of the euro area, impact on third 
countries 
 
 09/1995 – 11/1997: Directorate General for the Internal Market and 
Financial (Internal market for goods / public procurement / 
international affairs) 
 
 
Professional experience 
before joining the European 
Institutions 
 1993-1995: corporate finance officer, Credit Commercial de France 
London (corporate finance, structured finance, exchange rate and 
interest rate sales and trading) 
 Internships and short term employment:  Daiwa Securities 
London (corporate finance), Banque Paribas Tokyo, French 
Embassy in Tokyo, Fondation Elf Paris, laureate of the LVMH 
foundation for Asia. 
 University assistant, Institut d'Etudes Politiques de Paris 
 
Other activities  Academia: currently teaching on trade policy in European College 
in Parma and formerly at the College of Europe in Bruges 
 
Language Skills  French (mother tongue) 
 
 English 
 
 Spanish (passive), Danish (basic) 
 
 ",https://commission.europa.eu/document/download/3cba7fc4-fa1a-47c8-b365-c4a471a9437e_en?filename=cv-denis-redonnet_en.pdf
Stéphanie Riso,Director-General,Directorate-General for Budget," 
 
Stéphanie Riso is the Director-General of the European Commission’s budget department since March 
2023. In her role, she is driving the review of the EU’s long -term budget, and the transformation of 
the EU as a super-sovereign issuer on capital markets.  
Ms Riso joined the Commission’s budget department from the Cabinet of Commission President 
Ursula von der Leyen, where she was overseeing the setting up of the European Union’s €800 billion 
NextGenerationEU recovery plan and its financing via capital markets borrowing; and supported the 
political negotiations and implementation of key projects like the Stability and Growth Pact reform, 
the Recovery and Resilience Facility and the 2021-2027 long-term budget.  
Ms Riso has been serving the EU for over two decades. Between 20 16 and 2019, she was Director 
for Strategy, Coordination and Communication in the Task Force for the Negotiations with the United 
Kingdom, providing strategic and operational advice to Chief Negotiator Michel Barnier. Earlier, from 
2011 to 2016, Ms Riso held management jobs in the Commission’s departments for budget and for 
economic and financial affairs, where she was in charge, among others, of the mid -term review of 
the 2014-2020 long-term EU budget.  
Between 2007 and 2011, she was consecutively part of the private offices of two Commissioners 
responsible for Economic and Monetary Affairs, Olli Rehn and Joaquín Almunia, as a Deputy Head of 
Cabinet and a Member of the Cabinet, respectively. 
Before joining the Commission 2000 as an economist, she worked as a market analyst in the banking 
sector. 
A French national, she holds degrees in International Economics and Finance from the University of 
Paris IX-Dauphine and from the University of Bordeaux IV. 
Stéphanie RISO  
Director-General for Budget 
European Commission 
 
",https://commission.europa.eu/document/download/65531db3-0054-4f96-ae46-47eba72d00aa_en?filename=CV%20Stephanie%20Riso.pdf
Christian Roques,Deputy Director-General,Directorate-General for Human Resources and Security," 
 
 
 
 
 
 
 
 
 
 
Christian ROQUES 
Nationality 
  
French 
 
Academic qualifications ➢ 1994-1995 CEMS-program in Finance and Law (Community of 
European Management Schools), St-Gallen, Switzerland 
➢ 1993-1995 Business School, Finance and Economics majors, HEC 
graduate, Ecole HEC School of Management, Jouy-en-Josas, France  
➢ 1990-1993 Studies in Economics and Law, Institut d'Etudes Politiques 
(ScPO), Paris, France  
➢ 1989-1990 Post-graduate studies in Philosophy and Literature, Thiers 
Hypokhagne, Marseilles, France 
➢ 1989 Bachelor ""A1"" with Honors 
 
Professional experience in 
the European Institutions 
➢ Since 16 February 2023: Deputy Director-General, DG Human 
Resources and Security (HR) 
➢ 01 – 04/2024: Acting Director-General, DG Human Resources 
and Security (HR) 
➢ 02/2022 – 02/2023: Director for Finance, Legal & Partnerships (HR) 
➢ 02/2022 – 02/2023 Acting Director for Workplace & Wellbeing 
(HR) 
➢ 03/2019 – 02/2022: Director for Workplace & Wellbeing (HR) 
➢ 06/2010 – 03/2019: Head of Unit for Legal Affairs & Social dialogue (HR) 
➢ 07/2008 – 05/2010: Case Handler for Cartels (COMP) 
➢ 12/2009 – 04/2010: Acting Head of Unit for Cartels (COMP) 
➢ 03/2006 – 07/2008: Legal secretary for the Cabinet of President 
Vesterdorf, General Court in Luxembourg 
➢ 1997 – 2005: Case-handler (COMP) 
➢ 1995-1997: Acting Head of Section (ESTAT) 
 
Professional experience 
before joining the European 
Institutions 
➢ 1995: Internship in tax and corporate law, Willkie Farr & Callagher, Paris, 
France 
➢ 1994: Internship, Asset Management Consulting, Boston, USA 
➢ 1992: Internship, Comité Colbert 
 
Language Skills French (mother tongue) 
 
➢ English 
➢ German 
➢ Italian 
➢ Danish (basic) 
 
 
",https://commission.europa.eu/document/download/de13486e-1e16-4004-9807-721a1ee9d8ad_en?filename=cv-christian-roques_en_0.pdf
Leopoldo Rubinacci,Deputy Director-General,Directorate-General for Trade and Economic Security," 
 
 
 
 
 
 
 
 
 
 
 
 
 
   
Leopoldo RUBINACCI 
Nationality 
 
Italian 
 
Academic qualifications ➢ 09/1985 – 06/1991 : Ingénieur Commercial, Ecole de commerce 
Solvay, Université Libre de Bruxelles, Belgium 
 
Professional experience 
in the European 
Institutions 
➢ Since 16/10/2022: Deputy Director-General – Directorate-General 
Trade (DG TRADE) 
 
➢ 01/2021 – 10/2022: Director for Resources, Interinstitutional 
Relations, Communications and Civil Society (DG TRADE) 
 
➢ 07/2015 – 01/2021: Director for Trade Defence (DG TRADE) 
 
➢ 01/2011 – 07/2015: Head of Unit for Investment (DG TRADE) 
 
➢ 10/2010 – 01/2011: Head of Unit for Resources and Strategic 
Planning (DG TRADE) 
 
➢ 03/2005 – 09/2010: Head of Unit for Bilateral for Europe and Eastern 
Neighbourhood (DG TRADE) 
 
➢ 07/2002 – 03/2005: Deputy Head of Unit for Communication, 
Relations with the European Parliament, Trade Aspects of 
Enlargement (DG TRADE) 
 
➢ 08/1997 – 07/2002: Administrator, Head of Section for Anti-
Dumping Investigations (DG TRADE) 
 
➢ 03/1995 – 07/1997: Administrator for Industrial Emissions (DG 
XI/DG ENV) 
 
Professional experience 
before joining the 
European Institutions 
➢ 09/1991 – 03/1995: Auditor and Management Consultant, Arthur 
Andersen and Co., Brussels, Belgium 
Language Skills Italian (mother tongue) 
 
➢ French 
➢ English 
➢ Spanish (basic) 
 
 
",https://commission.europa.eu/document/download/08732900-6f84-48f7-8861-03c618ea8336_en?filename=cv-leopoldo-rubinacci_en.pdf
Herald Ruijters,Deputy Director-General,Directorate-General for Defence Industry and Space," 
 
 
 
Herald RUIJTERS 
 
 
 
Nationality 
 
Dutch 
 
Academic qualifications ➢ 1998 – 1999: “Postgraduaat Bedrijfskunde”, Katholieke Universiteit - 
Leuven, Belgium 
➢ 1990 – 1991: European Law, Centre européen Universitaire – Nancy, 
France 
➢ 1987 – 1991: Master European Studies, Universiteit van Amsterdam – 
Amsterdam, the Netherlands 
➢ 1984 -1990: Master French and Mediterranean Studies, Katholieke 
Universiteit Nijmegen – Nijmegen, the Netherlands 
 
Professional experience 
in the European 
Institutions 
➢ Since 06/12/2023: Deputy Director-General for “Coordination of 
Directorate B” – Directorate-General Mobility and Transport (DG 
MOVE), European Commission – Brussels, Belgium 
➢ 02/2017 – 12/2023: Director for Investment, Innovative & Sustainable 
Transport (DG MOVE) 
➢ 07/2022 – 12/2023: Acting Deputy Director-General for 
“Coordination of Directorate B” – Directorate-General Mobility and 
Transport (DG MOVE) 
➢ 02-03/2017: Acting Head of Unit for Transport Networks (DG MOVE) 
➢ 05/2009 – 01/2017: Head of Unit for Trans-European Network (DG 
MOVE)  
➢ 01-04/2012: Acting Head of Unit for Transport Investment (DG 
MOVE) 
➢ 06/2016 – 01/2017: Acting Director for Investment, Innovative & 
Sustainable Transport (DG MOVE) 
➢ 05/2005 – 04/2009: Policy Coordinator for Section TEN - Transport 
Coordinators (DG TREN) 
➢ 09/1997 – 05/2005: Policy Officer for road safety (DG TREN) 
➢ 09/1992 – 02/1993: Traineeship (DG Transport) 
 
Professional experience 
before joining the 
European Institutions 
➢ 04/1994 – 08/1997: Project Manager, Centraal Bureau 
Rijvaardigheidsbewijzen (CBR) 
➢ 03/1993 – 03/1994: Project Officer, Stichting Wetenschappelijk 
Onderzoek Verkeersveiligheid (SWOV) 
➢ 04 – 08/1992: Traineeship, Schenker Logistic Center – Nijmegen, the 
Netherlands 
Language Skills Dutch (mother tongue) 
➢ French 
➢ English 
➢ German 
➢ Italian 
 ",https://commission.europa.eu/document/download/76a169ff-9493-49ba-b3b8-e61c19d553e0_en?filename=cv-herald-ruijters_en.pdf
Genoveva Ruiz Calavera,Director-General,Directorate-General for Interpretation," 
 
Genoveva RUIZ CALAVERA 
 
Nationality 
 
 Spanish 
Academic 
qualifications 
 1993 - 1994:  Masters in Public Management, Solvay Business 
School / ULB – Brussels, Belgium 
 
 1982 - 1987:  Degree in English Philology, University 
Complutense of Madrid, Spain 
 
 1980 - 1981: Senior Year, Marlborough School, Los Angeles, US 
 
 
Professional 
experience in the 
European 
Institutions 
 Since 1 April 2021: Director-General – Directorate-General 
Interpretation (SCIC) 
 
 06/2016 - 03/2021: Director for Western Balkans – Directorate-
General Neighbourhood and Enlargement Negotiations (DG NEAR) 
 
 05/2014 - 05/2016: Head of Unit – Partnership Instrument - Service 
for Foreign Policy Instruments (FPI) 
 
 01/2011 - 05/2014: Head of Unit – Instrument for Stability 
Operations and Regulatory Instruments – (FPI) 
 
 01/2009 - 05/2011: Head of Unit – Crisis Response and Peace 
Building – former DG External Relations (RELEX) 
 
 04/2006 - 12/2008: Head of Unit – Kosovo issues (DG RELEX) 
 
 03/2000 - 03/2006: Deputy Head of Unit Federal Republic of 
Yugoslavia (Serbia and Montenegro) – (DG RELEX) 
 
 07/1999 - 02/2000: Sector Leader – Task Force for the 
Reconstruction of Kosovo (TAFKO), Pristina  
 
 03/1992 - 07/1999: International Affairs and Strategy, political and 
economic forward studies – Directorate-General Taxation and 
Customs Union (DG TAXUD) 
 
Professional 
experience before 
joining the 
European 
Institutions 
 1984 - 1992: Private sector (Digital Equipment Corporation), Spain 
and Belgium 
Language Skills  Spanish (mother tongue) 
 
 English 
 French 
 Italian 
 
 ",https://commission.europa.eu/document/download/720267ad-69e4-483c-8628-d2b81b8bb3d9_en?filename=cv-genoveva-ruiz-calavera_en.pdf
Maive Rute,Deputy Director-General,"Directorate-General for Internal Market, Industry, Entrepreneurship and SMEs"," 
 
 
Maive RUTE 
 
Nationality: 
 
 
➢ Estonian 
 
 
Academic 
qualifications: 
 
➢ 2013: Fellow at the Harvard University 
➢ 2009: MA in International Politics, CERIS, Brussels (magna cum laude) 
➢ 1998: Certification on banking and finance, Estonian Banking Union  
➢ 1996: MBA in Danube University Krems, Austria 
➢ 1991: Degree in economics, Estonian University of Life Sciences (magna cum laude) 
 
 
Professional 
experience in the 
European 
Institutions: 
 
➢ Since 1 November 2020:  Deputy Director -General, DG Internal Market, Industry, 
Entrepreneurship and SME s (GROW) , covering industry policy, raw materials, 
NetZeroTech, construction, sustainable products, public procurement, investment 
promotion, standardisation. 
 
➢ 10.2019 – 10.2020: Deputy Governor at the Central Bank of Estonia: macro prudential 
stability, initiated green banking and research into central bank digital currency. 
 
➢ 04.2016 – 09.2019: Deputy Director -General, DG Joint Research Centre (JRC)  
covering energy, transport and climate research and JRC Sites development.  
 
➢ 07.2013 – 04.2016: Director for Resources, DG Research and I nnovation (RTD), led 
the delegation of Horizon 2020 programme management to the Executive Agencies.  
 
➢ 07.2009 – 07.2013: Director for Biotechnologies  and Agriculture Research, DG RTD , 
responsible for research programming, creation of new European bio -economy 
strategy; establishment of Bio-based Industries Joint Undertaking. 
 
➢ 04.2005 – 06.2009: Director for SME’s Competitiveness and Entrepreneurship, DG 
ENTR, led the first Small Business Act for Europe; establishment of the Enterprise 
Europe Network; creation of ERASMUS for Entrepreneurs programme.  
 
 
Professional 
experience 
before joining the 
European 
Institutions: 
 
➢ 09.2000 – 04.2005: CEO of national export, SME financing and housing promotion 
fund KredEx (renamed EISA later).  
 
➢ 04.1997 – 08.2000: Managing Director of the Rural Credit Guarantee Fund 
 
➢ 08.1995 – 03.1997: Analyst at the Baltic American Enterprise Fund 
 
➢ 10.1994 – 08.1995: Member of the audit team at PriceWaterhouse Coopers 
 
➢ 03.1992 – 09.1994: Country Director  of US AID funded VOCA dealing with  
privatisation and transition of agriculture and food industry in Estonia  
Other 
professional 
activities: 
➢ 2019 – current: member of the Estonian research commission  
➢ 2019 -  current: member of the council of the Tallinn University of Technology 
➢ 2002 – 2005: Management and communication skills trainer of the JCI (Worldwide 
Federation of Young Leaders and Entrepreneurs) 
➢ 2000 – 2002: Member of the OECD Baltic working group and the Steering committee 
for SME policy. 
Language skills: ➢ Estonian (mother tongue) 
 
➢ English (excellent), German and French (good), Russian and Spanish (passive). 
 
",https://commission.europa.eu/document/download/b705847a-2279-4b82-929b-f845f498c2b5_en?filename=cv-maive-rute_en_0.pdf
Salla Saastamoinen,Deputy Director-General,European Anti-Fraud Office," 
 
 
 
 
 
 
 
 
 
 
  
Salla SAASTAMOINEN 
Nationality 
 
Finnish 
 
Academic qualifications ➢ 1990 – 1993 Licentiate of Laws, University of Helsinki, Finland 
➢ 1990 – 1992 Postgraduate studies of Law, University of Zurich, 
Switzerland 
➢ 1989 – 1990 Postgraduate studies (Zertifikat über Europäische 
Studien/MLL), in European Integration, Europe Institute, 
University of Saarland, Germany 
➢ 1985 – 1989 Master of Laws, University of Helsinki, Finland 
 
Professional experience in 
the European Institutions 
➢ 02/2025: Deputy Director-General, European Anti-Fraud Office 
(OLAF) 
➢ 08/2025 – 01/2026: Acting Director-General, European Anti-
Fraud Office (OLAF) 
➢ 01/2023 – 01/2025: Deputy Director-General, Joint Research 
Centre (JRC) 
➢ 02/2020 – 11/2021:  Acting Director-General of DG JUST, in 
parallel Director Civil and commercial justice 
➢ 10/2016 – 12/2022:  Director Civil and commercial justice, for  
09/2018-01/2020 in parallel sharing acting Deputy Director-General 
tasks, DG JUST 
➢ 05/2014 – 09/2016: Director for Equality (DG JUST) 
➢ 04/2013 – 04/2014: Head of Unit for Fundamental rights and rights 
of the child (DG JUST) 
➢ 09/2007 – 04/2013: Head of Unit for Civil Justice Policy (DG 
JUST) 
➢ 06/1996 – 08/2007: Legislative  and legal officer in various DGs, 
like for DG Justice, Freedom and Security and DG Environment 
 
Professional experience 
before joining the 
European Institutions 
➢ 1995 -1996: Partner in Law Office Ympäristö- ja Liikejuristit Oy 
(Environmental and Business Lawyers Ltd), Helsinki, Finland 
 
➢ 1992 – 1994: Researcher in Law, University of Helsinki and 
various research institutes, Helsinki, Finland 
 
Language Skills Finnish (mother tongue) 
 
➢ English 
➢ German 
➢ French 
➢ Swedish 
 
 
",https://commission.europa.eu/document/download/d3bd7425-94a2-4dca-8b95-6c3c726b8fc9_en?filename=cv-salla-saastamoinen_en.pdf
Kestutis Sadauskas,Deputy Director-General,Directorate-General for Maritime Affairs and Fisheries," 
 
Kestutis SADAUSKAS 
 
Nationality 
 
Lithuanian 
Academic 
qualifications 
 1992 – 1994: Master Degree in International Relations – Institute of Political 
Science and International Relations, Vilnius University – Vilnius, Lithuania 
 
 1987 - 1992:  Master Degree in Geography – Faculty of Natural Science, 
Vilnius University – Vilnius, Lithuania 
 
Professional 
experience in the 
European Institutions 
 Since April 2022: Deputy Director -General – Directorate-General 
“Maritime Affairs and Fisheries” (DG MARE) 
 
 11/2014 – 05/2022: Director for Circular Economy and Green Growth –  
Directorate-General “Environment” (DG ENV) 
 
 02/2010 – 10/2014: Member, Head of Cabinet from 04/2010 –  Cabinet of 
Commissioner Semeta 
 
 09/2006 – 02/2010: Head of Representation in Vilnius – Lithuania – 
Directorate-General Communication (DG COMM) 
 
Professional 
experience before 
joining the European 
Institutions 
 08/2002 – 08/2006: Minister -Counsellor – Permanent Representation of 
Lithuania to EU, Brussels 
 
 01/2000 – 07/2002: Ministry of Foreign Affairs  of the Republic of Lithuania, 
Vilnius, Lithuania 
 
 08/2001 – 07/2002: Director of the EU Department 
 
 01/2000 – 08/2001: Head of Political Cooperation Unit in the EU 
Department 
 
 10/1996 – 01/2000: Deputy Permanent Representative, Co unsellor – 
Permanent Representation of Lithuania to UN in New York 
 
 09/1993 – 10/1996: Ministry of Foreign Affairs of the Republic of Lithuania, 
Vilnius, Lithuania 
 
Various positions from Third Secretary of International Organizations Uni t to 
Deputy Head and Acting Head of the Unit of Multilateral Relations of Political 
Department 
 
Language Skills  Lithuanian (mother tongue) 
 
 English – French - Spanish 
 Russian 
 
 ",https://commission.europa.eu/document/download/d28526b7-6eb1-454e-bc12-0846f596e552_en?filename=cv-kestutis-sadauskas_en.pdf
Ilkka Salmi,Deputy Director-General,Directorate-General for Human Resources and Security," 
 
 
 
 
 
 
 
 
 
 
 
 
 
 
Ilkka SALMI 
 
 
 
Nationality 
 
Finnish 
 
Academic 
qualifications 
➢ 06/1993: Master in International and Comparative Law (LL.M), Vrije Universiteit 
Brussel - Brussels, Belgium 
➢ 06/1992: Master of Laws, University of Turku – Turku, Finland 
 
Professional 
experience in the 
European Institutions 
➢ Since 01/02/2024: Deputy Director-General for “Security, Workplace & 
Wellbeing” – Directorate-General for Human Resources and Security (HR), 
European Commission – Brussels, Belgium 
➢ 10/2021 – 01/2024: EU Counter-terrorism Coordinator, General Secretariat of the 
Council, European Council – Brussels, Belgium 
➢ 01/2020 – 09/2021: Director for Disaster Preparedness and Prevention, European 
Commission – Brussels, Belgium 
➢ 04-11/2020: Acting Director for Emergency Management and rescEU 
➢ 01/2016 – 06/2018: Director for Security, European Commission – Brussels, 
Belgium 
➢ 02/2011 – 12/2015 : Director for EU Intelligence and Situation Centre, European 
External Action Service – Brussels, Belgium 
 
Professional 
experience before 
joining the European 
Institutions 
➢ 07/2018 – 01/2020: Permanent Secretary, Ministry of the Interior of Finland – 
Helsinki, Finland 
➢ Finnish Security Intelligence Service: 
➢ 12/2007 – 02/2011: Director – Helsinki, Finland 
➢ 10/2005 – 04/2007: Chief of General Staff – Helsinki, Finland 
➢ 01/2004 – 09/2005: Head of the Security Office – Helsinki, Finland 
➢ 01-02/2004, 09/2004-04/2005: Deputy Director, Preventive measures and 
planning – Helsinki, Finland 
➢ 12/2002 – 12/2003: Chief Superintendent – Helsinki, Finland 
➢ Ministry of the Interior and Prime Minister’s Office: 
➢ 05 – 11/2007: Special Adviser to the Minister of the Interior – Helsinki, 
Finland 
➢ 01 – 11/2002: Ministerial Adviser – Helsinki, Finland 
➢ 05 – 12/2001: Special Adviser to the Minister of the Interior - Helsinki, 
Finland 
➢ 03/2000 – 04/2001: Lawyer, Attorney-at-Law, Sumentola & Itälä Oy, Attorneys-at-
Law – Turku, Finland 
➢ Parliament of Finland:  
➢ 10/1998 – 03/2000: Representative of the Parliament of Finland to the EU, 
Head of the Finnish Parliament’s Office in Brussels – Brussels, Belgium 
➢ 05/1996 – 09/1998: Counsel to the Foreign Affairs Committee – Helsinki, 
Finland 
➢ 04 – 09/1997: Counsel to the Defence Committee – Helsinki, Finland 
➢ 09/1997 – 09/1998: Secretary, District Court Clerk and Trainee District Judge, 
Vakka-Suomi District Court – Mynämäki, Finland 
➢ 02/1995 – 04/1996: Assistant to MEP Kyösti Toivonen - Brussels, Belgium 
➢ 06/1994 – 01/1995: Legislative Secretary, Parliament of Finland, National 
Coalition Party Parliamentary Group - Helsinki, Finland 
➢ 08/1993 – 05/1994: Lawyer, Juha Mäkitalo Oy, Attorneys-at-Law - Helsinki/Turku, 
Finland 
 
Language Skills Finnish (mother tongue) 
➢ Swedish 
➢ English 
➢ French 
 
",https://commission.europa.eu/document/download/800fe3dd-b595-46d8-8b0f-92b58e45c365_en?filename=cv-Ilkka-salmi_en.pdf
Beatriz Sanz Redrado,Deputy Director-General,Directorate-General for Budget," 
Beatriz SANZ REDRADO 
Nationality  ➢ Spanish, French  
 
Academic 
qualifications 
➢ 2012 CRMA (Certification in Risk Management Assurance)  
➢ 2010 CFE (Certified Fraud Examiner) 
➢ 2008 DPAI (Diplôme professionnel d’audit interne) 
➢ 2005 58th National session of the higher studies of national defence (IHEDN), France 
➢ 2001 CIA (Certified Internal Auditor)  
➢ 1994 Bachelor of Arts (Honours) in Business Administration (University of Humberside, UK) 
➢ 1993 Técnico en Administración y Dirección de Empresas (ICADE, Spain) 
Professional 
experience in the 
European 
Institutions 
➢ Since 11/25 Deputy Director-General (BUDG)  
 Acting Director Treasury, Accounting and Financial reporting (BUDG) 
➢ 02/24 – 10/25 Director Treasury, Accounting and Fiancial reporting (BUDG) 
                                  Accounting Officer (BUDG) 
06/24 – 10/25     Acting Deputy Director-General (BUDG) 
➢ 06/22 – 02/24  Director Change management and Resources (DIGIT) 
➢ 06/20 – 06/22 Director General Affairs (OLAF) 
 Acting Director of the Anti-fraud Knowledge Center (OLAF)  
➢ 12/12 – 06/20  Director Investigation Support (OLAF) 
Professional 
experience before 
joining the 
European 
Institutions 
➢ 10/07 – 12/12 Director Audit - Groupe Galeries Lafayette, Paris, France  
➢ 02/03 – 10/07 Group Chief Audit Executive – DCNS, Paris, France 
➢ 05/00 – 02/03 Chief Audit Executive - Eridania Béghin-Say, Paris, France  
➢ 01/98 – 05/00 Senior auditor - Marks & Spencer, Paris, France 
➢ 05/96 – 01/98 Consultant in technology - Andersen Consulting, Paris, France 
➢ 05/95 – 05/96 Business installer / trainer - NCH Europe, West Bromwich, UK 
➢ 10/94 – 05/95 IT Advisor/Lecturer - University of Humberside, Kingston Upon Hull, UK 
Language skills ➢ Spanish (mother tongue) 
➢ French, English, Italian  
 
 
Board positions  ➢ Since 08/24 Member of the Consultative Advisory Group (CAG) of the 
 International Public Sector Accounting Standards Board (IPSASB) 
➢ Since 09/23  Chair of the Committee on Prevention and Protection at Work (CPPT)  in  
 Brussels, European Commission 
➢ Since 2022 Member of the Disciplinary Board of the European Parliament  
➢ Since 2021 Member of the Independent Expert Oversight Advisory Committee, WHO 
➢ 2016 to 2020 Vice-chair and expert member, United Nations Joint Staff Pension Board  
➢ 2014 to 2017 Member of the Advisory Committee, European institute of fraud auditors  
➢ 2012 to 2016 Member of the Board of the Institute of Internal Auditors and IFACI  
 Member of the Committee of Research and Education Advisers (CREA) 
➢ 2011 to 2014 Chair of the Independent Advisory Oversight Committee, WIPO 
➢ 2008 to 2013 Independent expert, accounting and financial audit committee 
  (CMACF), French Ministry of Defence 
 
",https://commission.europa.eu/document/download/f8ae3b88-905f-46c2-bfac-fdce84f9a4ab_en?filename=cv-beatriz-sanz-redrado_en.pdf
Colin Scicluna,Deputy Director-General,Directorate-General for Interpretation,"Colin SCICLUNA 
Nationality Maltese 
Academic qualifications ¾ 10/2018: Hostile Environment Awareness Training (HEAT), European
Commission – Brussels, Belgium
¾ 06 – 07/2005: Diploma in Peacemaking & Preventive Diplomacy, UN Institute
for Training and Research/International Peace Academy – Oslo, Norway
¾ 1998 – 1999: Masters Degree in International Politics, Centre d’Études des
Relations Internationales et Stratégiques, Université Libre de Bruxelles
– Brussels, Belgium
¾ 1991 – 1993: Doctor of Laws, Faculty of Laws – Tal-Qroqq, Malta
¾ 1987 – 1991: Diploma of Notary Public, Faculty of Laws – Tal-Qroqq, Malta
Professional experience 
in the European 
Institutions 
¾ Since 15 November 2024: Deputy Director General “Corporate Conference
and Meeting Room Management - Responsible for Directorate C” (SCIC) –
Brussels, Belgium
¾ 12/2019 – 11/2024: Head of Cabinet, Cabinet of Vice-President Šuica (portfolio:
Democracy and Demography) – Brussels, Belgium
¾ 01/2017 – 11/2019: Director/Deputy Managing Director for Middle East, North
Africa & Gulf, European External Action Service (EEAS) – Brussels, Belgium
¾ 11/2014 – 12/2016: Member of Cabinet, Cabinet of Commissioner Hahn
(portfolio: European Neighbourhood Policy and Enlargement Negotiations) –
Brussels, Belgium
¾ 09/2013 – 10/2014: Member of Cabinet, Cabinet of High Representative of the
Union for Foreign Affairs and Security Policy and Vice-President Ashton –
Brussels, Belgium
¾ 01/2011 – 01/2012: Political Advisor to the EUSR for MEPP, Middle East
Division, European External Action Service (EEAS) – Brussels, Belgium
¾ 11/2006 – 12/2010: Advisor to the first EU High Representative Javier Solana on
the Mediterranean & Middle East, General Secretariat of the Council of the EU –
Brussels, Belgium
Professional experience 
before joining the 
European Institutions 
¾ 02/2012 – 08/2013: Ambassador of Malta, Ministry of Foreign Affairs – Vienna,
Austria (accredited to Austria, Hungary, Slovakia, Kosovo, OSCE & UN)
¾ 01/2004 – 10/2006: Deputy Permanent Representative of Malta to the UN,
Mission of Malta to the UN – New York, United States
¾ 10/2003 – 01/2004: Senior Legal Officer, Ministry of Foreign Affairs –Valletta,
Malta
¾ 09/2000 – 10/2003: Negotiations Co-ordinator (Operations), EU Accession
Negotiations Secretariat, Office of the Prime Minister – Valletta, Malta
¾ 01/1999 – 08/2000: Counsellor, Mission of Malta to the EU – Brussels, Belgium
¾ 06 – 12/1999: Counsellor, Malta Liaison to the EU Presidency – Helsinki,
Finland
¾ 11/1994 – 08/1998: First Secretary, Mission of Malta to the EU, Embassy of
Malta to Belgium – Brussels, Belgium
¾ 07 – 12/1996: First Secretary, Malta Liaison to the EU Presidency – Dublin,
Ireland
¾ 01/1993 – 11/1994: Trainee, Mission of Malta to the EU, Embassy of Malta to
Belgium – Brussels, Belgium
¾ 01/1986 – 02/1987: Shipping Clerk, Cassar & Cooper – Valletta, Malta
Language Skills ¾ Maltese, English (mother tongues)
¾ French, Italian, Dutch",https://commission.europa.eu/document/download/6c110216-36e6-4fa8-b0c7-f4fe2436994f_en?filename=cv-colin-scicluna_en.pdf
Martin Seychell,Deputy Director-General,Directorate-General for International Partnerships," 
 
 
Martin SEYCHELL 
 
 
 
Nationality: 
 
Maltese 
Academic qualifications:  Bachelor of Pharmaceutical Technology (Honours) from the University of Malta – Second 
Class Lower Honours degree. Subjects covered: Chemistry, Biology, Industrial Chemistry, 
Pharmaceutics, Management. Four years full time course. 
Professional experience 
in the European 
Institutions: 
 Since 16 January 2021: Deputy Director-General responsible for Directorates G and R in 
DG “International Partnerships” previously named ""International Cooperation and 
Development Communication (DEVCO) 
 July 2020 – January 2021: Deputy Director-General – International Cooperation and 
Development (DEVCO) 
 March 2011 - to June 2020: Deputy Director-General in the Health and Food Safety's 
Directorate-General (SANTE). Responsible for directorates dealing with Consumer 
affairs, Public health and Health systems and products. 
To note: DG Health and Consumers (SANCO) became DG Health and Food Safety 
(SANTE) on 1 January 2015. 
Professional experience 
before joining the 
European Institutions: 
 October 2006 - February 2011: Director Environment Protection, Malta Environment & 
Planning Authority.  Responsible for implementation of environmental legislation in Malta 
under the Envi ronment Protection Act, including input into national environmental policy 
and integration of environmental considerations into other policies; Responsible for 
implementation of legislation on environmental permitting, environmental assessment, 
biodiversity (including GMOs), environmental risk (chemicals, noise, air quality, radiation), 
waste management, water and marine policy. Between 2006 and 2009  also responsible 
for implementation of legislation on climate change. 
 
Maltese member on the Management Board of the European Environment Agency (EEA). 
Represented EEA Management Board in shortlisting process for EEA Scientific 
Committees and review of EEA Topic Centres.  
 
Responsible for coordinating technical and legal advice to the Office of the Prime Ministe r 
(OPM) in the formulation and development of the Maltese national position on EC 
legislative proposals directly or indirectly related to the environment. Responsible for 
participation in various Council Working Parties (Environment), comitology meeting s and 
other technical meetings; Responsible for coordinating Maltese position under various 
multilateral agreements in the area of environment.  Co-ordination of and ensuring 
consultation with stakeholders on all aspects related to EC policies and proposals, a s well 
as implementation aspects. 
 
Responsible for liaison with line Ministries so as to ensure effective synergy between 
environmental and all other relevant polices.  Advising the Ministry responsible for the 
environment (currently the Office of the Prime  Minister) prior to and during high level 
meetings at European level, including the Environment Council. Regularly attending 
Environment Council meetings as part ",https://commission.europa.eu/document/download/682e12d3-e761-444a-abba-21f48202e12a_en?filename=cv-martin-seychell_en.pdf
Thomas Skordas,Deputy Director-General,"Directorate-General for Communications Networks, Content and Technology"," 
 
Thomas SKORDAS 
Nationality 
 
Greek 
 
Academic qualifications  1985 - 1988 PhD Thesis - Institut National Polytechnique de 
Grenoble (INPG), Grenoble, France 
 
 1984 - 1985 Master of Science - Institut National Polytechnique 
de Grenoble (INPG), Grenoble, France 
 
 1979 - 1984 Advanced University Degree in Electrical 
Engineering - Aristotle University of Thessaloniki, Technology 
School, Department of Electrical Engineering, Thessaloniki, 
Greece 
 
Professional experience in 
the European Institutions 
 Since May 2022: Deputy Director-General – Directorate-
General Communications Networks, Content and 
Technology (DG CNECT) 
 
 03/2017 - 04/2022: Director for Digital Excellence and Science 
Infrastructure (DG CNECT) [04/2021 – 04/2022 Acting Deputy 
Director-General] 
 
 02/2014 – 03/2017: Head of Unit for Flagships (DG CNECT) 
 
 07/2009 – 01/2014: Head of Unit for Photonics (DG INFSO / DG 
CNECT) 
 
 02/2006 – 06/2009: Deputy Head of Unit for Trust and Security 
(DG INFSO) 
 
 01/2003 – 02/2006: Scientific Officer for Future and Emerging 
Technologies (DG INFSO) 
 
 03/2000 – 12/2002: Assistant to the Director for Essential 
Information Technologies and Infrastructures (DG INFSO) 
 
 02/1999 – 03/2000: Scientific Officer for Peripherals, 
subsystems and micro-systems (DG13) 
 
 08/1995 – 01/1999: Scientific Officer for Integration in 
Manufacturing (DG3) 
 
Professional experience 
before joining the European 
Institutions 
 01/1992 – 08/1995: Responsible for the R&D activities in 
Computer Vision and Robotics at ITMI APTOR (subsidiary of 
Cap Gemini Sogeti), Grenoble, France 
 
 10/1988 – 12/1992: Project Leader at ITMI APTOR (subsidiary 
of Cap Gemini Sogeti), Grenoble, France 
 
Language Skills  Greek (mother tongue) 
 
 French 
 English 
 ",https://commission.europa.eu/document/download/4d2b4ad6-1b74-4f9a-9761-26a467fd3b9e_en?filename=cv-thomas-skordas_en.pdf
Hugo Sobral,Deputy Director-General,Directorate-General for Regional and Urban Policy," 
 
 
 
 
 
 
Hugo Monteiro Brilhante SOBRAL 
 
 
 
Nationality 
 
Portuguese 
 
Academic qualifications  1997 Bachelor of Arts in International Relations, Universidade do 
Minho, Braga/Portugal 
Professional experience in the 
European Institutions 
 
 Since June 2025 Deputy Director-General for Programme 
Implementation, DG REGIO 
 
 2019 – 2024: Head of Cabinet of Commissioner Ferreira, 
Commissioner for Cohesion and Reforms 
 
 2017 – 2019: Director/Deputy Managing Director, Americas 
Department, EEAS 
 
 2015 – 2017: Principal Adviser, Head of the Iran Task Force, 
EEAS 
 
 2014 – 2015: Principal Adviser, Americas Department, EEAS 
 
 2012 – 2014: Deputy Head of Cabinet, Cabinet of Commission 
President Barroso 
 
 2009 – 2012: Member of Cabinet, Cabinet of Commission 
President Barroso 
 
Professional experience before 
joining the European Institutions 
 
 2004 – 2009: Portuguese Permanent Representation to the EU, 
Brussels/Belgium 
 
 2002 – 2004: Adviser to the Minister of Foreign Affairs, 
Portuguese Ministry of Foreign Affairs, Lisbon/Portugal 
 
 1999 – 2002: Diplomat (Middle East & Political Director office)  
Portuguese Ministry of Foreign Affairs, Lisbon/Portugal 
 
 1998 – 1999: Researcher, Universidade do Minho, Braga/Portugal 
 
 1997 – 1998: Research Assistant, Instituto de Estudos 
Estratégicos Internacionais, Lisbon/Portugal 
 
Language Skills Portuguese (mother tongue) 
 English 
 French 
 Spanish 
 
",https://commission.europa.eu/document/download/e74a8d7f-a7a9-4bb1-9211-10866b8730e9_en?filename=cv-hugo-sobral_en.pdf
Despina Spanou,Deputy Director-General,"Directorate-General for Communications Networks, Content and Technology",,
Dana Spinant,Director-General,Directorate-General for Communication," 
 
 
 
 
 
 
 
 
 
 
 
Dana SPINANT 
Nationality 
 
Romanian 
 
Academic qualifications ➢ 09/1997 – 06/1998: Master in European Political and 
Administrative Studies, College of Europe - Bruges, Belgium 
➢ 10/1995 – 06/1996: Master in international relations, Institut 
Européen des Hautes Études Internationales - Nice, France 
➢ 09/1990 – 02/1995: BA in Journalism and Communication, 
Faculty of Journalism, University of Bucharest – Bucharest, 
Romania 
Professional experience in 
the European Institutions 
➢ Since 01/12/2023: Director-General – Directorate-General for 
Communications (DG COMM) 
➢ 05/2021 – 09/2024: Acting Deputy Director-General – 
Directorate-General for Communications (DG COMM) 
➢ 12/2019 – 11/2023: Director for Political Communication & 
Services (DG COMM) 
➢ 09 – 11/2023: Acting Director-General – Directorate-
General for Communications (DG COMM) 
➢ 12/2019 – 09/2023: European Commission Deputy Chief 
Spokesperson (DG COMM) 
➢ 02/2017 – 11/2019: Director for Communication, Budget and 
General Affairs (DG REGIO) 
➢ 03/2015 – 01/2017: Head of Unit for Irregular Migration and return 
policy (DG HOME) 
➢ 07/2010 – 03/2015: Head of Unit for Anti-Drugs Policy (DG JUST) 
➢ 07/2009 – 06/2010: Adviser (DG JLS) 
Professional experience 
before joining the European 
Institutions 
➢ 09/2002 – 07/2009: Deputy Editor then Editor, European Voice, 
The Economist Group – Brussels, Belgium 
➢ 03/2001 – 09/2002: Deputy Editor, EUobserver – Brussels, 
Belgium 
➢ 09/1998 – 08/2001: Academic Assistant, European Political and 
Administrative Studies, College of Europe – Bruges, Belgium 
➢ 09/1997 – 03/2008: Brussels correspondent for Romanian TV 
channels, Antena 1 TV, ProTV, Realitatea TV  
➢ 09/1992 – 06/1997: TV news editor, TV Sigma, Antena 1 TV – 
Bucharest, Romania 
Language Skills Romanian (mother tongue) 
 
➢ French 
➢ English 
➢ German 
➢ Italian 
 
",https://commission.europa.eu/document/download/798a7731-7ee2-40c4-9ace-b904aa13c6d6_en?filename=cv_dana_spinant_en.pdf
Andriana Sukova,Deputy Director-General,"Directorate-General for Employment, Social Affairs and Inclusion"," 
 
Andriana SUKOVA 
 
Nationality 
 
➢ Bulgarian 
Academic qualifications ➢ 2001: Certificate _ Managing Successful Programmes – Certified 
Practitioner – Civil Service College, Sunningdale, UK 
➢ 1998: Certificate _ Managing projects under PRINCE  - Civil Service 
College, Sunningdale, UK 
➢ 1996: Certificate – Course on project formulation and project 
preparation – FAO Rome 
➢ 09/1994 – 10/1994: Certificate – Farm Produce Marketing in Japan and 
applications for Eastern European count ries – University of 
Obihiro/Sponsored by Japan International Cooperation Agency (JICA) 
➢ 05/1993 – 06/1993: Certificate – History and principles of the Common 
Agriculture Policy, development of the CAP and its firs reform , policy 
analysis training – Wye College, Wye, Kent, UK 
➢ 01/1993 – 05/1993: First course on European studies organised in Sofia  
– Centre for European Studies – Sofia, Bulgaria 
➢ 02/1989 – 08/1990: Post graduate student Thesis topic ""Trade relations 
between Bulgaria and the EC – the case of agri culture"" – Institute of 
agricultural economics – Sofia, Bulgaria 
➢ 1981 – 1986: MSc in agricultural economics; Minor – Economic 
journalism – University of National and World Economy – Sofia, Bulgaria 
 
Professional experience in 
the European Institutions 
➢ Since March 2018: Deputy Director-General – Directorate-General  
""Employment, Social Affairs and Inclusion"" (EMPL)         
➢ 01 – 05/2024: Acting Director-General – Directorate-General  
""Employment, Social Affairs and Inclusion"" (EMPL)          
➢ 11/2015 – 02/2018: Director ""Investment"" – Directorate-General 
""Employment, Social Affairs and Inclusion"" (EMPL) 
➢ 08/2010 – 10/2015: Director ""ESF, Monitoring of National Policies I, 
Coordination"" – DG EMPL 
➢ 07/2007 – 02/2010: Member of the Cabinet of Commissioner for Consumer 
Protection, Meglena Kuneva 
 
Professional experience 
before joining the 
European Institutions 
➢ 09/2005 – 06/2007: Adviser to the Minister – Ministry of Finance – Sofia, 
Bulgaria 
➢ 11/2002 – 09/2005: Executive Director – Confederation of Employers 
and Industrialists in Bulgaria (CEIBG) – Sofia, Bulgaria 
➢ 02/2000 – 11/2002: Deputy Minister – Ministry of Agriculture and Forestry – 
Sofia, Bulgaria 
➢ 02/1999 – 02/2000: Operations Officer  – World Bank Country Office – 
Sofia, Bulgaria 
➢ 11/1994 – 02/1999: Director, Phare Programme Management Unit – Ministry 
of Agriculture and Forestry – Sofia, Bulgaria 
➢ 11/1992 – 11/1994: Researcher in the Agriculture Policy Analysis Unit 
(APAU), supported by the Phare Programme - Ministry of Agriculture and 
Forestry – Sofia, Bulgaria 
➢ 05/1986 – 01/1989: Economist – Agriculture cooperative farm – Saedinenie 
Language Skills ➢ Bulgarian (mother tongue) 
➢ English, Spanish, French 
 ",https://commission.europa.eu/document/download/136efc2b-26ba-42f1-a1fb-9b9b2e2078d7_en?filename=cv-andriana-sukova_en.pdf
Athanasios Thanopoulos,Deputy Director-General,Eurostat,,
Gerassimos Thomas,Director-General,Directorate-General for Taxation and Customs Union," 
  
 
 
Gerassimos THOMAS 
Nationality: 
 
Greek 
Education and 
Training: 
➢ 1990- 1991 Master in International Relations - ""La plus grande distinction"" - 
Université Libre de Bruxelles; Brussels, Belgium 
 
➢ 1986-1987 Master in Business Administration - Finance 
City University Business School; London, UK 
 
➢ 1981-1985 B.Sc. in Economics and Business Administration; major in Finance 
- Athens School of Economics and Business; Athens, Greece 
➢ 2005: International Negotiations - ESSEC Business School 
Professional 
experience: 
➢ 16/8/2020: Director General Taxation and Customs Union – DG TAXUD 
 
➢ 9/7/2019 – 31/7/2020: deputy Minister for Environment and Energy - Hellenic 
Republic 
 
➢ 9/2014-7/2019: Deputy Director-General – DG ENER 
 
➢ 7/2009 – 8/2014: Director DG ECFIN – Finance, Coordination with the EIB 
Group, EBRD and IFIs 
 
➢ 12/2005 – 07/2009: Head of cabinet - Commissioner Joaquin Almunia – 
Economic and Monetary Affairs 
 
➢ 10/2004-11/2005: Head of Unit DG MARKT-F1, Free movement of capital and 
financial integration 
 
➢ 3/2003-9/2004: European Commission - Deputy Spokesman President Prodi 
 
➢ 11/1999-9/2004: Spokesman for economic and monetary affairs- 
Commissioner Solbes 
 
➢ 3/1997-10/1999: Alternate Member of the Financial Committee and Head of 
SME Portfolio Guarantees (1998-99) – European Investment Fund (EIF); 
Luxembourg 
 
➢ 1/3/1990-1997: Administrator; European Commission – DG ECFIN 
 
➢ 1987-1990: Assistant Manager; International Fixed Income Department - 
Yamaichi International Ltd; London, UK 
 
➢ 1985-1986: Sergeant - Personal Assistant to Commander in Chief 
Greek Air Force; Central Aircraft Maintenance Depot; Greece 
Other professional 
activities: 
➢ Chairman of the European Fund for Strategic Investments (EFSI) Steering 
Board (2015 - 2019) 
➢ Commission appointed Board member in EIB and EIF Board of Directors 
(2011-2018) 
➢ Observer at the EFSF Board of Directors (2009-2013) 
➢ Member of various committees and market based initiatives. 
➢ TOYP (The Outstanding Young People) Programme; Osaka, Japan; July 1994 
➢ US International Visitors' Programme; October 1994 
➢ UK Registered Representative for International Securities (1988) 
Language Skills: ➢ Greek (mother tongue) 
➢ English, Italian, French (fluent) 
➢ German (good) 
➢ Spanish (basic) 
 ",https://commission.europa.eu/document/download/82058d5c-7568-4fa4-a459-0753adea40b0_en?filename=cv-gerassimos_thomas_en.pdf
Philippe Van Damme,Deputy Director-General,Directorate-General for Digital Services,,
Kurt Vandenberghe,Director-General,Directorate-General for Climate Action," 
 
 
 
 
Kurt VANDENBERGHE 
 
 
Nationality 
 
Belgian 
 
Academic qualifications  1990 – 1992 M.A. in International Relations, International 
Economics and Conflict Management, The John Hopkins 
University, Paul H. Nitze School of Advanced International Studies 
(SAIS), Washington DC, United States and Bologna, Italy 
 
 1988 – 1989 Diploma in Public and International Affairs, 
Université Catholique de Louvain-la-Neuve, Louvain-la-Neuve, 
Belgium 
 
 1988 Licentiate in Romance Literature and Linguistics (French 
and Italian), Katholieke Universiteit Leuven, Leuven, Belgium 
 
Professional experience 
in the European 
Institutions 
 Since 16 January 2023: Director-General – Directorate-General 
Climate Action (DG CLIMA) 
 
 11/2019 – 01/2023: European Green Deal Advisor / Member of the 
Cabinet of President von der Leyen 
 
 02/2016 – 10/2019: Director for Policy Development and 
Coordination (DG RTD) 
 
 06/2019 – 10/2019: Acting Director for Research and Innovation 
Outreach (DG RTD) 
 
 07/2013 – 01/2016: Director for Climate Action and Resource 
Efficiency (DG RTD) 
 
 02/2010 – 06/2013: Head of Cabinet of Commissioner Potočnik 
(Portfolio: Environment) 
 
 11/2004 – 01/2010: Deputy Head of Cabinet / Head of Cabinet of 
Commissioner Potočnik (Portfolio: Science and Research) 
 
 09/1999 – 11/2004: Member of Cabinet of Commissioner Busquin 
(Portfolio: Research) 
 
 01/1999 – 09/1999: Parliamentary Coordinator reporting to the 
Director-General (DG Transport) 
 
 11/1996 – 02/1999: Coordinator of DG Transport’s Research 
Programme, Coordinator of the Commission’s Intermodal Transport 
Task Force (DG Transport) 
 
 
Professional experience 
before joining the 
European Institutions 
 04/1993 – 10/1996: Manager, Ernst & Young Association 
Management 
Language Skills Dutch (mother tongue) 
 French 
 
 
 English 
 ",https://commission.europa.eu/document/download/201c1864-1a7e-4289-a2b5-1a0b930da8ed_en?filename=cv-kurt-vandenberghe_en.pdf
Maarten Verwey,Director-General,Directorate-General for Economic and Financial Affairs," 
 
 
Maarten VERWEY 
 
 
 
Nationality 
 
Dutch 
Academic qualifications  2004-2006: Management Development Program for top civil servants 
 2001-2002: Masters Degree in Development Finance, University of London 
(SOAS/CEFIMS) 
 1988-1994: Masters Degree in Economics (macro economics and finance), 
Rijksuniversiteit Groningen  
Professional experience 
in the European 
Institutions 
 Since 1 February 2020: Director-General – Directorate-General “Economic 
and Financial Affairs” (ECFIN) 
 04/2020 – 03/2021, 05-11/2025: Acting Deputy Director-General – 
Directorate-General “Economic and Financial Affairs” (ECFIN)  
 01 – 05/2020: Director-General / Acting Director-General - Directorate-
General ""Structural Reform Support"" (REFORM), former Structural Reform 
Support Service 
 07/2015 – 12/2019: Director-General in the SG in charge of the Structural 
Reform Support Service 
 09/2011 – 06/2015: Deputy Director-General – DG Economic and Financial 
Affairs (ECFIN), Responsible for directorates dealing with International 
economic and financial relations, Global governance, Financial stability and 
monetary affairs and Finance, coordination wit EIB group, EBRD and IFIs. 
EU mission chief for Cyprus financial assistance programme.  
Professional experience 
before joining the 
European Institutions 
Ministry of Finance, Netherlands 
 2007 - 2011: Director of Foreign Financial Relations  
 2004 – 2007: Deputy Director of Economic and Financial Policy 
 2002 – 2004: Head of export credit insurance  
 1994 – 1999: Economist working on various issues, including on financial 
market stability, the creation of EMU (notably the negotiations on the SGP), 
and structural reform  
Asian Development Bank, Manila 
 1999 – 2002: Advisor and subsequently Alternate Executive Director for 
Canada, Netherlands and the Nordic Countries  
Other professional 
activities  03/2010 – 06/2011: Chairman of the Euro Taskforce on Coordinated Action 
 05/2009 - 06/2011: Chairman of the Alternates Economic Financial 
Committee 
 ",https://commission.europa.eu/document/download/8989003b-48e2-4c5d-a7bc-54d96cb20271_en?filename=cv-verwey-maarten_en.pdf
Roberto Viola,Director-General,"Directorate-General for Communications Networks, Content and Technology"," 
 
Roberto VIOLA 
 
Nationality:  
 
Italian 
Academic qualifications:   1978 – 1983 : Doctor degree (cum laude) electronic engineering University of 
Rome la Sapienza, Italy 
 
 1993 – 1996:  Master's degree in Business Administration (MBA) OU Business 
School Milton Keynes, UK. 
Professional experience in 
the European Institutions: 
 As from 1 September 2015:  Director General for Communications Networks, 
Content and Technology  (CNECT) 
 
 September 2012 – August 2015:  Deputy Director-General – Directorate-
General Communications Networks, Content and Technology (CNECT).  
 
Professional experience 
before joining the European 
Institutions: 
 July 2004 – August 2012:  Secretary General – AGCOM, Italian Regulatory 
Authority for electronic communication, postal, audi ovisual and media 
services, Rome – Italy. Chief executive with policy , operational and strategic 
responsibility. 
 
 May 2001 – July 2004:  Director, regulatory department, AGCOM 
departments.  In charge of regulatory policy in e-c ommunication, spectrum, 
broadcasting and media services. 
 
 July 1999 – May 2001:  Technical Director – AGCOM.  In charge of research 
and technical support in fixed and mobile networks, broadcasting services and 
standardisation.  
 
 1993 – July 1999:  European Space Agency (ESA), Space Research and 
Technology Centre (ESTEC), Noordwijk, The Netherlands.  Head of the 
telecommunication and broadcasting satellite system s section in the Satellite 
Telecommunication Programmes Directorate. Programme M anager of the 
ESA multimedia applications research programme. 
 
 1986 – 1993:  European Space Agency (ESA), Space Research and 
Technology Centre (ESTEC), Noordwijk, The Netherlands.  Senior engineer, 
Technical Directorate.  Research projects manager i n advanced transmission 
systems, video and audio compression, networks and data communication.  
 
 1984 – 1985:  Itaspazio, Rome, Italy. Telecommunication systems analyst.  
Design of telecommunication systems 
 
Other professional activities:  A number of scientific publications and patents in the area of 
telecommunication systems research, navigation and broadcasting systems, 
transmission systems. 
 
 Awarded the ESA inventor medal 1999 
 
 Marconi prize for the best Italian doctoral thesis  in telecommunications 1983 
 
 2005-2012 Universita S. Orsola, Naples, Lecturer in  telecommunication and 
media law 
 
 2011-2012 University of Rome, Lecturer in ICT busi ness models 
 
Language Skills:  Italian (mother tongue) 
 
 English, French, Spanish, Dutch  
 ",https://commission.europa.eu/document/download/f6022280-18f2-4ee6-b2c3-e3c9ac5cb890_en?filename=cv-roberto-viola_en
Charlina Vitcheva,Director-General,Directorate-General for Maritime Affairs and Fisheries," 
 
Charlina VITCHEVA 
 
Nationality: 
 
 
Bulgarian 
 
Academic qualifications:  09/1993 – 12/1994: Master of European Integration (EU Politics, Economics and Law) - 
Limerick University, the Republic of Ireland. 
 
 09/1981 – 07/1986: Master of International Economic Relations - University of National 
and World Economy – Bulgaria. 
 
Professional experience in 
the European Institutions: 
 Since 1 June 2020: Director -General – Directorate-General “Maritime Affairs and 
Fisheries” (MARE) 
 
 09/2016 – 05/2020: Deputy Director-General – Joint Research Centre (JRC) 
 
 01/2014 – 08/2016: Director – Smart and sustainable Growth and Southern Europe – 
Directorate-General for Regional and Urban Policy (REGIO) 
Policy development and consist ency of implementation across  28 MSs of the Smart and 
Sustainable aspects of Cohesion Policy covering the following Thematic Objectives of the 
investment support: Research & Innovation, ICT, Competitiveness of SMEs, Low Carbon 
Economy, Climate Change & Risk prevention, Environment, Energy & Transport and Key 
Infrastructure. 
Implementation of the 2007-2013 programmes and negotiations on/implementation of the 
2014-2020 programming documents  for Spain, Italy, Portugal, Greece, Cyprus and 
Malta. 
 
 01/2014 – 10/2014: Acting Director  for Inclusive Growth, Urban and Territorial 
Development and Northern Europe (REGIO) thus, responsible for two directorates  and 
leading the 2014 -2020 programming negotiations with 13MSs on 115 o f the total of 205 
mainstreams programmes; AOSD/Implementation of EU budget of about EUR 21 billion. 
 
 04/2009 – 12/2013: Director for Inclusive Growth, Urban and Territorial Development 
and Northern Europe (REGIO)  –Policy development and implementation across  all the 
MSs of the territorial appr oach and  the urban dimension  of Cohesion Policy ; design, 
development and implementation of the new role of REGIO in coordinating and  
synergizing the urban initiatives across the Commissions' services  and initiating the 
Urban Agenda for  the EU; consistent implementation across all the  MSs of the I nclusive 
growth aspect of the ERDF (education, health, social inclusion). 
 Implementation of the 2007 -2013 programmes and n egotiations on  the 2014 -2020 
programming period for Poland, Estonia, Latvia, Lithuania, Denmark, Finland, Sweden. 
Professional experience 
before joining the 
European Institutions: 
 08/1999 – 03/2009: Mission/Permanent Representation of Bulgaria to the EU in Brussels 
 Minister Plenipotentiary (since 07/2003) 
 Head of ""Agriculture, Food Safety and Fisheries"" Division (since 04/2005) 
 Spokesperson of Bulgaria in the Special Committee on Agriculture (SCA) of the 
Council (since 04/ 2005) 
 Counsellor (08/1999 – 06/2003) 
 
 02/1998 – 03/2009: Director of the European Integration and International 
Cooperation Directorate – Ministry of Agriculture and Food Supply in Bulgaria. 
Leading the accession negotiations  of Bulgaria at service leve",https://commission.europa.eu/document/download/886534fc-b2fa-40f8-9a70-81443c93cf85_en?filename=cv-charlina-vitcheva_en.pdf
John Watson,Deputy Secretary-General,Secretariat-General,,
Elisabeth Werner,Director-General,Directorate-General for Agriculture and Rural Development," 
 
 
Elisabeth WERNER 
 
Nationality 
 
 Austrian 
Academic qualifications  09/1995 – 07/1996: MA in European Affairs , College of 
Europe, Bruges/Belgium 
 
 10/1989 – 07/1995: Master’s degree in economics, 
University of Vienna/Austria 
 
Professional experience 
in the European 
Institutions 
 
 Since June 2025: Director-General, DG AGRI 
 
 03/2021 – 05/2025: Deputy Secretary- General “Policy 
Coordination”, Secretariat-General (SG) 
 
 10/2017 – 03/2021: Director “Land”, DG MOVE 
 
 01/2017 - 09/2017: Head of U nit “Planning and 
coordination, DG MOVE 
 
 11/2014 - 12/2016: Senior Expert then Head of Cabinet , 
Cabinet of Vice-President Georgieva 
 
 09/2010 – 10/2014: Head of U nit “Planning, inter -
institutional relations, communication, DG MOVE 
 
 10/2008 – 09/2010: Head of U nit “Discharge procedure”, 
DG BUDG 
 
 06/2004 – 10/2008: Member of Cabinet , Cabinet of Vice -
President Kallas 
 
 04/2003 – 06/2004: Commission Spokesperson for 
budget and anti-fraud, SPP 
 
 07/1996 – 04/2003: Policy Officer, Institutional 
coordinator, DG BUDG 
 
Language Skills  German (mother tongue) 
 French, English 
 ",https://commission.europa.eu/document/download/50740f26-90ed-46e9-a59a-5150d0427135_en?filename=cv-elisabeth-werner_en.pdf
Sabine Weyand,Director-General,Directorate-General for Trade and Economic Security," 
 
Sabine WEYAND  
 
Nationality: 
 
 
German 
 
Academic 
qualifications: 
 1995: Doctorate in political science from Tübingen University with a Ph.D. thesis on ""The EC 
Common Transport Policy - a Study in EU policy-making. 
 
 1991: Diploma of advanced European studies, College of Europe, Dominante administrative. 
 
 1983 – 1990: studied political science, economics and English literature and linguistics at Freiburg 
University, Germany, and at Cambridge University, UK (1986-87); February 1990 M.A. from 
Freiburg University 
Professional 
experience in the 
European 
Institutions: 
 As from 1 June 2019: Director-General – Directorate-General “Trade” 
 
 October 2016 – May 2019: Deputy Chief Negotiator of the Task Force for the preparation and 
conduct of the negotiations with the United Kingdom under Article 50 of the Treaty on European 
Union 
 
 03/2016 – 09/2016:  Deputy Director -General in charge of Directorates E, F, G and H in DG 
Trade 
 
 2014 - 02/2016:  Director in the SG , in charge of policy coordination on economic and financial 
affairs, economic governance, internal market and competitiveness, employment, social policy, 
education and culture, environment, climate change and energy, agriculture and fisheries. Leads 
on key projects in support of Vice -Presidents: European Semester; Deepening of EMU; Energy 
Union; Single Market; Managing 4 units 
  
 2012 – 2013:  Director in the SG, in charge of relations with the European Council, the Council, 
Coreper I and II, and international dimension (liaison with EEAS); Commission Representative in 
Coreper I. 
 
 2009 – 2012:  Commission Representative in Coreper I; Head of Unit of SG.DSG3.F1 in charge of 
relations with Council/Coreper I. 
 
 2007 – 2009:  Adviser in t he Cabinet of President Barroso.  Tasks included steering the climate 
and energy negotiations through Commission and then Council/EP; chair of Inter -institutional 
Relations Group; relations with the EP and with the (European) Council, and assistance on 
strategy and policy agenda. 
 
 2004 – 2007:  Head of Cabinet, Commissioner for Development & Humanitarian Aid, Louis Michel. 
Tasks included establishing overall policy direction on portfolio issues as well as collegiality files 
and ensuring respect of the Commissioner's political orientations; representing the Commissioner's 
position in weekly meetings of Heads of Cabinet and negotiating compromises on files inside and 
outside portfolio; preparing and participating in RELEX Commissioners' Group institutional issues. 
 
 1999 – 2004: Member of Cabinet of EU Trade Commissioner Pascal Lamy.  
Tasks included trade relations with South and South East Asia; relations with the European 
Parliament, the setting up and management of a dialogue forum with civil society on trade  policy 
matters. 
 
 1997 – 1999: Policy planning in Commission Directorate -General for External Relations (trade 
policy, relations with OECD countries and China).  Tasks included",https://commission.europa.eu/document/download/bbc91b77-22bb-4146-b4b8-c1cfd773ce22_en?filename=CV%20Sabine%20Weyand
Anthony Whelan,Director-General,Directorate-General for Competition," 
 
 
 
 
 
 
 
 
 
 
 
 
 
 
 
 
 
 
Anthony WHELAN 
 
 
Nationality 
 
Irish 
 
Academic qualifications ➢ 1985 – 1989: LL.B. (1987) Law School, Trinity College – Dublin, Ireland 
➢ 1989 – 1990: LL.M. Sidney Sussex College, Cambridge (LL.M.) – 
Cambridge, United Kingdom 
➢ 1990 – 1992: B.L. Called to the Irish Bar, Hon. Society of King's Inns, 
Dublin – Dublin, Ireland 
Professional experience in the 
European Institutions 
➢ Since 14/04/2026: Director-General of Directorate-General 
“Competition” (DG COMP) 
➢ 09/2025 – 04/2026: Deputy Director-General State aid – 
Directorate-General “Competition” (DG COMP) 
➢ 12/2019 – 09/2025: Digital Adviser – Member of Cabinet – Cabinet 
of President Von Der Leyen 
➢ 08/2014 – 11/2019: Director for Electronic Communications Networks 
& Services – Directorate-General for Communications Networks, 
Content and Technology (DG CNECT) 
➢ 04/2013 – 07/2014: Head of Unit for Electronic Communications 
Networks & Services – Directorate-General for Communications 
Networks, Content and Technology (DG CNECT) 
➢ 10/2013 – 07/2014: Ad Interim Director for Electronic 
Communications Networks & Services – Directorate-General for 
Communications Networks, Content and Technology (DG CNECT) 
➢ 02/2010 – 03/2013: Head of Cabinet – Cabinet of Vice-president 
Neelie Kroes (Digital Agenda) 
➢ 03/2008 – 02/2010: Head of Cabinet – Cabinet of Commissioner 
Neelie Kroes (Competition) 
➢ 11/2006 – 02/2008: Member of Cabinet – Cabinet of Commissioner 
Neelie Kroes (Competition) 
➢ 12/2000 – 10/2006: Member of the Legal Service – Legal Service 
(SJ) 
Professional experience before 
joining the European 
Institutions 
➢ 1995 – 2000: Référendaire, Cabinet of Advocate general Nial Fennelly, 
Court of Justice of the EC - Luxembourg 
➢ 1991 – 1995: Lecturer in Public Law, Trinity College – Dublin, Ireland 
➢ 1990 – 1991: Researcher, Law Reform Commission – Dublin, Ireland 
Language Skills English (mother tongue) 
➢ French 
➢ German 
➢ Italian 
 
",https://commission.europa.eu/document/download/8a1efd9d-8da2-475d-aace-ce906d589aff_en?filename=cv-anthony-whelan.pdf
Mechthild Wörsdörfer,Deputy Director-General,Directorate-General for Energy," 
Mechthild WÖRSDÖRFER 
 
Nationality 
 
German 
Academic 
qualifications 
 1989 – 1990: Master of European Economics - Free University of Brussels, 
Institut des Etudes Européennes, Belgium 
 
 1987 – 1989: Maîtrise et Licence en Sciences économiques, Économie 
monétaire et financière – University of Montpellier, France 
 
 1985 – 1987 :  Economics and French/Spanish ""Vordiplom 
Volkswirtschaftslehre"", ""Zwischenprüfung Romanistik” – University of 
Heidelberg, Germany 
 
Professional 
experience in the 
European Institutions 
 Since 1 October 2021: Deputy Director-General – Directorate-General Energy 
(DG ENER) 
 
 04/2017 – 09/2018: Director “Renewables, Research and Innovation, Energy 
Efficiency”, ENER.C - DG ENER 
 
 01/2014 – 03/2017: Director “Energy policy”, ENER.A - DG ENER 
 
 09/2010 – 12/2013: Head of Unit “Energy policy& Monitoring of electricity, 
gas, coal and oil markets”, ENER.A.1 – DG ENER 
 
 07/2005 – 08/2010: Head of Unit “SME policy development, DG Enterprise & 
Industry”, ENTR.E.4 – DG Enterprise and Industry (DG ENTR) 
 
 07/2009 – 03/2010: Acting Director “Promotion of SMEs 
competitiveness”, ENTR.E - DG ENTR 
 
 06/2004 – 06/2005: Deputy Head of Unit, “Entrepreneurship”, ENTR.E1 – DG 
ENTR 
 
 09/1999 – 05/2004: Member of Cabinet, Commissioner Erkki Liikanen, 
Enterprise Policy and Information Society 
 
 05/1996 – 08/1999: Assistant to the Deputy/Acting Director General of 
Directorate-General Industry, Mr Magnus Lemmel 
 
 05/1995 – 04/1996: Administrator in DG Industry, Directorate A, Industrial 
policy, Unit A5 
 
Professional 
experience before 
joining the European 
Institutions 
 1991 – 1995: Deputy head of office - Federation of German Industries (BDI), 
Representation to the EU, Brussels,  
 
 1989: Research Assistant, Lufthansa Consulting GmbH, Cologne, Germany 
 
Other professional 
experience 
 10/2018 – 09/2021: Director Sustainability, Technology, Outlooks, 
International Energy Agency (IEA), Paris [Seconded]  
 
Language Skills  German (mother tongue) 
 
 English – French 
 Spanish 
 ",https://commission.europa.eu/document/download/6dc527bf-ee14-49cb-a9de-60153778f89a_en?filename=cv-Mechthild-Woersdoerfer_en.pdf
